--- datos de clientes
insert into CLIENTE (id, nombre, email, numero, documento, tipo_cliente) values (1, 'Amber', 'aramshaw0@squidoo.com', '269-691-2672', '0069-1340', 'VECINO');
insert into CLIENTE (id, nombre, email, numero, documento, tipo_cliente) values (2, 'Nicholle', 'nphin1@go.com', '848-224-6570', '54868-5551', 'VECINO');
insert into CLIENTE (id, nombre, email, numero, documento, tipo_cliente) values (3, 'Gwenore', 'gleveret2@thetimes.co.uk', '935-383-7007', '10147-0881', 'VECINO');
insert into CLIENTE (id, nombre, email, numero, documento, tipo_cliente) values (4, 'Pernell', 'pdannell3@mashable.com', '537-167-0191', '57883-404', 'ESTUDIANTE');
insert into CLIENTE (id, nombre, email, numero, documento, tipo_cliente) values (5, 'Karia', 'kmouatt4@europa.eu', '933-462-8860', '64942-1151', 'VECINO');
insert into CLIENTE (id, nombre, email, numero, documento, tipo_cliente) values (6, 'Jaine', 'jparley5@bbc.co.uk', '822-126-1486', '25021-601', 'VECINO');
insert into CLIENTE (id, nombre, email, numero, documento, tipo_cliente) values (7, 'Brook', 'btuffrey6@over-blog.com', '406-922-0594', '50804-001', 'VECINO');
insert into CLIENTE (id, nombre, email, numero, documento, tipo_cliente) values (8, 'Mireille', 'msydenham7@google.cn', '627-811-1012', '55301-020', 'EMPLEADO');
insert into CLIENTE (id, nombre, email, numero, documento, tipo_cliente) values (9, 'Greggory', 'ghatfull8@surveymonkey.com', '263-467-5559', '43419-001', 'PROFESOR');
insert into CLIENTE (id, nombre, email, numero, documento, tipo_cliente) values (10, 'Marysa', 'mjodkowski9@indiegogo.com', '267-365-8879', '0942-6309', 'VECINO');
insert into CLIENTE (id, nombre, email, numero, documento, tipo_cliente) values (11, 'Nolly', 'ntourrya@goodreads.com', '280-252-2676', '31722-537', 'VECINO');
insert into CLIENTE (id, nombre, email, numero, documento, tipo_cliente) values (12, 'Jami', 'jcodb@xinhuanet.com', '322-886-3947', '64679-907', 'PROFESOR');
insert into CLIENTE (id, nombre, email, numero, documento, tipo_cliente) values (13, 'Mae', 'mhackeltonc@skype.com', '608-745-8323', '0536-3387', 'VECINO');
insert into CLIENTE (id, nombre, email, numero, documento, tipo_cliente) values (14, 'Holmes', 'hforrestd@sogou.com', '815-362-9058', '42192-115', 'NO_RELACIONADO');
insert into CLIENTE (id, nombre, email, numero, documento, tipo_cliente) values (15, 'Melisande', 'myurkiewicze@un.org', '184-305-7696', '30142-154', 'VECINO');
insert into CLIENTE (id, nombre, email, numero, documento, tipo_cliente) values (16, 'Adda', 'adoryf@tinypic.com', '972-194-6042', '54868-4556', 'NO_RELACIONADO');
insert into CLIENTE (id, nombre, email, numero, documento, tipo_cliente) values (17, 'Griff', 'gsotworthg@homestead.com', '690-276-5900', '53808-0551', 'EMPLEADO');
insert into CLIENTE (id, nombre, email, numero, documento, tipo_cliente) values (18, 'Claudio', 'cselleyh@smugmug.com', '698-881-9201', '49702-221', 'ESTUDIANTE');
insert into CLIENTE (id, nombre, email, numero, documento, tipo_cliente) values (19, 'Sheba', 'sbywatersi@deviantart.com', '119-191-1598', '52125-709', 'NO_RELACIONADO');
insert into CLIENTE (id, nombre, email, numero, documento, tipo_cliente) values (20, 'Bren', 'broddaj@godaddy.com', '507-198-1506', '21695-866', 'VECINO');
insert into CLIENTE (id, nombre, email, numero, documento, tipo_cliente) values (21, 'Nike', 'nbecerilk@cisco.com', '407-847-4058', '59667-0101', 'VECINO');
insert into CLIENTE (id, nombre, email, numero, documento, tipo_cliente) values (22, 'Jeth', 'jcolstonl@360.cn', '964-145-9050', '55714-2216', 'NO_RELACIONADO');
insert into CLIENTE (id, nombre, email, numero, documento, tipo_cliente) values (23, 'Alasteir', 'aclineckm@php.net', '508-934-9156', '59900-110', 'NO_RELACIONADO');
insert into CLIENTE (id, nombre, email, numero, documento, tipo_cliente) values (24, 'Glenna', 'ghortopn@wordpress.org', '500-931-3095', '0519-1171', 'ESTUDIANTE');
insert into CLIENTE (id, nombre, email, numero, documento, tipo_cliente) values (25, 'Keenan', 'kgeanyo@narod.ru', '679-602-5002', '0574-0153', 'NO_RELACIONADO');
insert into CLIENTE (id, nombre, email, numero, documento, tipo_cliente) values (26, 'Giulietta', 'ggouldebyp@newsvine.com', '429-831-9149', '60429-081', 'VECINO');
insert into CLIENTE (id, nombre, email, numero, documento, tipo_cliente) values (27, 'Agnella', 'achottyq@diigo.com', '605-888-0867', '0591-3196', 'VECINO');
insert into CLIENTE (id, nombre, email, numero, documento, tipo_cliente) values (28, 'Ray', 'rbernardinir@wikispaces.com', '548-443-8561', '76439-209', 'VECINO');
insert into CLIENTE (id, nombre, email, numero, documento, tipo_cliente) values (29, 'Sullivan', 'sguilayns@cnn.com', '414-791-8079', '55910-159', 'NO_RELACIONADO');
insert into CLIENTE (id, nombre, email, numero, documento, tipo_cliente) values (30, 'Alvis', 'aniast@telegraph.co.uk', '594-441-2629', '60681-1002', 'VECINO');
insert into CLIENTE (id, nombre, email, numero, documento, tipo_cliente) values (31, 'Vinny', 'vfromeu@archive.org', '793-906-8018', '48951-7107', 'VECINO');
insert into CLIENTE (id, nombre, email, numero, documento, tipo_cliente) values (32, 'Bartholomeo', 'bmillarv@wired.com', '857-921-2669', '36987-2067', 'VECINO');
insert into CLIENTE (id, nombre, email, numero, documento, tipo_cliente) values (33, 'Alidia', 'amortelw@mediafire.com', '718-271-1274', '31722-334', 'VECINO');
insert into CLIENTE (id, nombre, email, numero, documento, tipo_cliente) values (34, 'Haroun', 'hrainfordx@google.es', '471-719-4208', '41268-358', 'NO_RELACIONADO');
insert into CLIENTE (id, nombre, email, numero, documento, tipo_cliente) values (35, 'Darnall', 'dwhitseyy@issuu.com', '671-835-9188', '0944-4212', 'PADRE');
insert into CLIENTE (id, nombre, email, numero, documento, tipo_cliente) values (36, 'Consalve', 'cbonnesenz@google.de', '252-127-2061', '0280-2610', 'PADRE');
insert into CLIENTE (id, nombre, email, numero, documento, tipo_cliente) values (37, 'Paola', 'ptreneman10@yellowbook.com', '197-166-1610', '49349-891', 'ESTUDIANTE');
insert into CLIENTE (id, nombre, email, numero, documento, tipo_cliente) values (38, 'Tallulah', 'tkulas11@nhs.uk', '423-738-1118', '67475-211', 'NO_RELACIONADO');
insert into CLIENTE (id, nombre, email, numero, documento, tipo_cliente) values (39, 'Celia', 'cmattaser12@naver.com', '198-308-1443', '68462-305', 'VECINO');
insert into CLIENTE (id, nombre, email, numero, documento, tipo_cliente) values (40, 'Eugene', 'ejephcott13@bandcamp.com', '219-658-9341', '59148-019', 'VECINO');


--- datos de los operadores
insert into OPERADOR (id, nombre, email, numero, tipo_operador) values (1, 'Camila', 'cpulver0@springer.com', '213-802-8305', 'PERSONA_NATURAL');
insert into OPERADOR (id, nombre, email, numero, tipo_operador) values (2, 'Rubie', 'rjoddins1@sciencedirect.com', '842-874-7025', 'PERSONA_NATURAL');
insert into OPERADOR (id, nombre, email, numero, tipo_operador) values (3, 'Damon', 'dsolway2@constantcontact.com', '602-201-7037', 'PERSONA_NATURAL');
insert into OPERADOR (id, nombre, email, numero, tipo_operador) values (4, 'Salem', 'sgravells3@acquirethisname.com', '112-159-3032', 'PERSONA_NATURAL');
insert into OPERADOR (id, nombre, email, numero, tipo_operador) values (5, 'Sammy', 'sjefferson4@umn.edu', '130-791-0129', 'PERSONA_NATURAL');
insert into OPERADOR (id, nombre, email, numero, tipo_operador) values (6, 'Carlye', 'cbruckshaw5@studiopress.com', '701-563-4064', 'HOTELERIA');
insert into OPERADOR (id, nombre, email, numero, tipo_operador) values (7, 'Edithe', 'ecoot6@moonfruit.com', '586-928-0187', 'VIVIENDA_UNIVERSITARIA');
insert into OPERADOR (id, nombre, email, numero, tipo_operador) values (8, 'Dione', 'dkinahan7@opensource.org', '815-511-3178', 'PERSONA_NATURAL');
insert into OPERADOR (id, nombre, email, numero, tipo_operador) values (9, 'Malina', 'mmactague8@trellian.com', '172-186-5989', 'VIVIENDA_UNIVERSITARIA');
insert into OPERADOR (id, nombre, email, numero, tipo_operador) values (10, 'Tana', 'twetwood9@nih.gov', '107-803-2239', 'HOTELERIA');


--- datos de las personas naturales
insert into PERSONA_NATURAL (id, DOCUMENTO, TIPO_PERSONA) values (1, '10191-1203', 'VECINO');
insert into PERSONA_NATURAL (id, DOCUMENTO, TIPO_PERSONA) values (2, '0007-3230', 'VECINO');
insert into PERSONA_NATURAL (id, DOCUMENTO, TIPO_PERSONA) values (3, '55045-1173', 'VECINO');
insert into PERSONA_NATURAL (id, DOCUMENTO, TIPO_PERSONA) values (4, '63830-855', 'VECINO');
insert into PERSONA_NATURAL (id, DOCUMENTO, TIPO_PERSONA) values (5, '36987-3187', 'PADRE');
insert into PERSONA_NATURAL (id, DOCUMENTO, TIPO_PERSONA) values (8, '0869-0370', 'PROFESOR');

--- datos de hoteles
insert into HOTELERIA (id, TIPO_HOTELERIA, HORA_APERTURA, HORA_CIERRE) values (6, 'HOSTAL', TO_TIMESTAMP('2014-07-02 06:14:00.742000000', 'YYYY-MM-DD HH24:MI:SS.FF'), TO_TIMESTAMP('2014-07-02 18:14:00.742000000', 'YYYY-MM-DD HH24:MI:SS.FF'));
insert into HOTELERIA (id, TIPO_HOTELERIA) values (10, 'HOTEL');

--- datos de las ganancias de un operador
insert into GANANCIAS (id, CANTIDAD, MES, AÑO, OPERADOR) values (1, 8354891, 3, 2020, 1);
insert into GANANCIAS (id, CANTIDAD, MES, AÑO, OPERADOR) values (2, 6366237, 2, 2020, 1);
insert into GANANCIAS (id, CANTIDAD, MES, AÑO, OPERADOR) values (3, 2982906, 1, 2020, 1);
insert into GANANCIAS (id, CANTIDAD, MES, AÑO, OPERADOR) values (4, 8357270, 12, 2019, 1);
insert into GANANCIAS (id, CANTIDAD, MES, AÑO, OPERADOR) values (5, 4830111, 11, 2019, 1);
insert into GANANCIAS (id, CANTIDAD, MES, AÑO, OPERADOR) values (6, 1943059, 10, 2019, 1);
insert into GANANCIAS (id, CANTIDAD, MES, AÑO, OPERADOR) values (7, 1621671, 9, 2019, 1);
insert into GANANCIAS (id, CANTIDAD, MES, AÑO, OPERADOR) values (8, 819139, 8, 2019, 1);
insert into GANANCIAS (id, CANTIDAD, MES, AÑO, OPERADOR) values (9, 4532397, 7, 2019, 1);
insert into GANANCIAS (id, CANTIDAD, MES, AÑO, OPERADOR) values (10, 6834239, 6, 2019, 1);
insert into GANANCIAS (id, CANTIDAD, MES, AÑO, OPERADOR) values (11, 8687829, 5, 2019, 1);
insert into GANANCIAS (id, CANTIDAD, MES, AÑO, OPERADOR) values (12, 2184069, 4, 2019, 1);
insert into GANANCIAS (id, CANTIDAD, MES, AÑO, OPERADOR) values (13, 6494806, 3, 2020, 2);
insert into GANANCIAS (id, CANTIDAD, MES, AÑO, OPERADOR) values (14, 6301993, 2, 2020, 2);
insert into GANANCIAS (id, CANTIDAD, MES, AÑO, OPERADOR) values (15, 4606033, 1, 2020, 2);
insert into GANANCIAS (id, CANTIDAD, MES, AÑO, OPERADOR) values (16, 689376, 12, 2019, 2);
insert into GANANCIAS (id, CANTIDAD, MES, AÑO, OPERADOR) values (17, 6155321, 11, 2019, 2);
insert into GANANCIAS (id, CANTIDAD, MES, AÑO, OPERADOR) values (18, 2109183, 10, 2019, 2);
insert into GANANCIAS (id, CANTIDAD, MES, AÑO, OPERADOR) values (19, 4523809, 9, 2019, 2);
insert into GANANCIAS (id, CANTIDAD, MES, AÑO, OPERADOR) values (20, 1838217, 8, 2019, 2);
insert into GANANCIAS (id, CANTIDAD, MES, AÑO, OPERADOR) values (21, 276677, 7, 2019, 2);
insert into GANANCIAS (id, CANTIDAD, MES, AÑO, OPERADOR) values (22, 586370, 6, 2019, 2);
insert into GANANCIAS (id, CANTIDAD, MES, AÑO, OPERADOR) values (23, 3005988, 5, 2019, 2);
insert into GANANCIAS (id, CANTIDAD, MES, AÑO, OPERADOR) values (24, 1642918, 4, 2019, 2);
insert into GANANCIAS (id, CANTIDAD, MES, AÑO, OPERADOR) values (25, 8816779, 3, 2020, 3);
insert into GANANCIAS (id, CANTIDAD, MES, AÑO, OPERADOR) values (26, 1622602, 2, 2020, 3);
insert into GANANCIAS (id, CANTIDAD, MES, AÑO, OPERADOR) values (27, 6524462, 1, 2020, 3);
insert into GANANCIAS (id, CANTIDAD, MES, AÑO, OPERADOR) values (28, 6758377, 12, 2019, 3);
insert into GANANCIAS (id, CANTIDAD, MES, AÑO, OPERADOR) values (29, 5036680, 11, 2019, 3);
insert into GANANCIAS (id, CANTIDAD, MES, AÑO, OPERADOR) values (30, 8621075, 10, 2019, 3);
insert into GANANCIAS (id, CANTIDAD, MES, AÑO, OPERADOR) values (31, 4258612, 9, 2019, 3);
insert into GANANCIAS (id, CANTIDAD, MES, AÑO, OPERADOR) values (32, 2074854, 8, 2019, 3);
insert into GANANCIAS (id, CANTIDAD, MES, AÑO, OPERADOR) values (33, 7656059, 7, 2019, 3);
insert into GANANCIAS (id, CANTIDAD, MES, AÑO, OPERADOR) values (34, 3036174, 6, 2019, 3);
insert into GANANCIAS (id, CANTIDAD, MES, AÑO, OPERADOR) values (35, 9977099, 5, 2019, 3);
insert into GANANCIAS (id, CANTIDAD, MES, AÑO, OPERADOR) values (36, 9699056, 4, 2019, 3);
insert into GANANCIAS (id, CANTIDAD, MES, AÑO, OPERADOR) values (37, 1741003, 3, 2020, 4);
insert into GANANCIAS (id, CANTIDAD, MES, AÑO, OPERADOR) values (38, 513866, 2, 2020, 4);
insert into GANANCIAS (id, CANTIDAD, MES, AÑO, OPERADOR) values (39, 4208564, 1, 2020, 4);
insert into GANANCIAS (id, CANTIDAD, MES, AÑO, OPERADOR) values (40, 8847152, 12, 2019, 4);
insert into GANANCIAS (id, CANTIDAD, MES, AÑO, OPERADOR) values (41, 7178304, 11, 2019, 4);
insert into GANANCIAS (id, CANTIDAD, MES, AÑO, OPERADOR) values (42, 2427679, 10, 2019, 4);
insert into GANANCIAS (id, CANTIDAD, MES, AÑO, OPERADOR) values (43, 4069001, 9, 2019, 4);
insert into GANANCIAS (id, CANTIDAD, MES, AÑO, OPERADOR) values (44, 5942441, 8, 2019, 4);
insert into GANANCIAS (id, CANTIDAD, MES, AÑO, OPERADOR) values (45, 6280730, 7, 2019, 4);
insert into GANANCIAS (id, CANTIDAD, MES, AÑO, OPERADOR) values (46, 1848468, 6, 2019, 4);
insert into GANANCIAS (id, CANTIDAD, MES, AÑO, OPERADOR) values (47, 7914762, 5, 2019, 4);
insert into GANANCIAS (id, CANTIDAD, MES, AÑO, OPERADOR) values (48, 2947650, 4, 2019, 4);
insert into GANANCIAS (id, CANTIDAD, MES, AÑO, OPERADOR) values (49, 5838453, 3, 2020, 5);
insert into GANANCIAS (id, CANTIDAD, MES, AÑO, OPERADOR) values (50, 879305, 2, 2020, 5);
insert into GANANCIAS (id, CANTIDAD, MES, AÑO, OPERADOR) values (51, 5779243, 1, 2020, 5);
insert into GANANCIAS (id, CANTIDAD, MES, AÑO, OPERADOR) values (52, 5867478, 12, 2019, 5);
insert into GANANCIAS (id, CANTIDAD, MES, AÑO, OPERADOR) values (53, 5934809, 11, 2019, 5);
insert into GANANCIAS (id, CANTIDAD, MES, AÑO, OPERADOR) values (54, 8924271, 10, 2019, 5);
insert into GANANCIAS (id, CANTIDAD, MES, AÑO, OPERADOR) values (55, 2527730, 9, 2019, 5);
insert into GANANCIAS (id, CANTIDAD, MES, AÑO, OPERADOR) values (56, 7800275, 8, 2019, 5);
insert into GANANCIAS (id, CANTIDAD, MES, AÑO, OPERADOR) values (57, 1126198, 7, 2019, 5);
insert into GANANCIAS (id, CANTIDAD, MES, AÑO, OPERADOR) values (58, 4843515, 6, 2019, 5);
insert into GANANCIAS (id, CANTIDAD, MES, AÑO, OPERADOR) values (59, 2968919, 5, 2019, 5);
insert into GANANCIAS (id, CANTIDAD, MES, AÑO, OPERADOR) values (60, 1435540, 4, 2019, 5);
insert into GANANCIAS (id, CANTIDAD, MES, AÑO, OPERADOR) values (61, 5903519, 3, 2020, 6);
insert into GANANCIAS (id, CANTIDAD, MES, AÑO, OPERADOR) values (62, 4002789, 2, 2020, 6);
insert into GANANCIAS (id, CANTIDAD, MES, AÑO, OPERADOR) values (63, 8960768, 1, 2020, 6);
insert into GANANCIAS (id, CANTIDAD, MES, AÑO, OPERADOR) values (64, 7324322, 12, 2019, 6);
insert into GANANCIAS (id, CANTIDAD, MES, AÑO, OPERADOR) values (65, 7184200, 11, 2019, 6);
insert into GANANCIAS (id, CANTIDAD, MES, AÑO, OPERADOR) values (66, 8034134, 10, 2019, 6);
insert into GANANCIAS (id, CANTIDAD, MES, AÑO, OPERADOR) values (67, 7002426, 9, 2019, 6);
insert into GANANCIAS (id, CANTIDAD, MES, AÑO, OPERADOR) values (68, 6976358, 8, 2019, 6);
insert into GANANCIAS (id, CANTIDAD, MES, AÑO, OPERADOR) values (69, 1437394, 7, 2019, 6);
insert into GANANCIAS (id, CANTIDAD, MES, AÑO, OPERADOR) values (70, 2229202, 6, 2019, 6);
insert into GANANCIAS (id, CANTIDAD, MES, AÑO, OPERADOR) values (71, 3372422, 5, 2019, 6);
insert into GANANCIAS (id, CANTIDAD, MES, AÑO, OPERADOR) values (72, 3769724, 4, 2019, 6);
insert into GANANCIAS (id, CANTIDAD, MES, AÑO, OPERADOR) values (73, 9508920, 3, 2020, 7);
insert into GANANCIAS (id, CANTIDAD, MES, AÑO, OPERADOR) values (74, 2898836, 2, 2020, 7);
insert into GANANCIAS (id, CANTIDAD, MES, AÑO, OPERADOR) values (75, 5255134, 1, 2020, 7);
insert into GANANCIAS (id, CANTIDAD, MES, AÑO, OPERADOR) values (76, 9323532, 12, 2019, 7);
insert into GANANCIAS (id, CANTIDAD, MES, AÑO, OPERADOR) values (77, 2662056, 11, 2019, 7);
insert into GANANCIAS (id, CANTIDAD, MES, AÑO, OPERADOR) values (78, 3060839, 10, 2019, 7);
insert into GANANCIAS (id, CANTIDAD, MES, AÑO, OPERADOR) values (79, 4195838, 9, 2019, 7);
insert into GANANCIAS (id, CANTIDAD, MES, AÑO, OPERADOR) values (80, 8269139, 8, 2019, 7);
insert into GANANCIAS (id, CANTIDAD, MES, AÑO, OPERADOR) values (81, 3251976, 7, 2019, 7);
insert into GANANCIAS (id, CANTIDAD, MES, AÑO, OPERADOR) values (82, 1685019, 6, 2019, 7);
insert into GANANCIAS (id, CANTIDAD, MES, AÑO, OPERADOR) values (83, 9118968, 5, 2019, 7);
insert into GANANCIAS (id, CANTIDAD, MES, AÑO, OPERADOR) values (84, 6315201, 4, 2019, 7);
insert into GANANCIAS (id, CANTIDAD, MES, AÑO, OPERADOR) values (85, 1380613, 3, 2020, 8);
insert into GANANCIAS (id, CANTIDAD, MES, AÑO, OPERADOR) values (86, 8963937, 2, 2020, 8);
insert into GANANCIAS (id, CANTIDAD, MES, AÑO, OPERADOR) values (87, 6001255, 1, 2020, 8);
insert into GANANCIAS (id, CANTIDAD, MES, AÑO, OPERADOR) values (88, 9055196, 12, 2019, 8);
insert into GANANCIAS (id, CANTIDAD, MES, AÑO, OPERADOR) values (89, 6511729, 11, 2019, 8);
insert into GANANCIAS (id, CANTIDAD, MES, AÑO, OPERADOR) values (90, 6434320, 10, 2019, 8);
insert into GANANCIAS (id, CANTIDAD, MES, AÑO, OPERADOR) values (91, 4876021, 9, 2019, 8);
insert into GANANCIAS (id, CANTIDAD, MES, AÑO, OPERADOR) values (92, 8251500, 8, 2019, 8);
insert into GANANCIAS (id, CANTIDAD, MES, AÑO, OPERADOR) values (93, 4715537, 7, 2019, 8);
insert into GANANCIAS (id, CANTIDAD, MES, AÑO, OPERADOR) values (94, 873908, 6, 2019, 8);
insert into GANANCIAS (id, CANTIDAD, MES, AÑO, OPERADOR) values (95, 3703811, 5, 2019, 8);
insert into GANANCIAS (id, CANTIDAD, MES, AÑO, OPERADOR) values (96, 4227067, 4, 2019, 8);
insert into GANANCIAS (id, CANTIDAD, MES, AÑO, OPERADOR) values (97, 9036636, 3, 2020, 9);
insert into GANANCIAS (id, CANTIDAD, MES, AÑO, OPERADOR) values (98, 9273763, 2, 2020, 9);
insert into GANANCIAS (id, CANTIDAD, MES, AÑO, OPERADOR) values (99, 2500311, 1, 2020, 9);
insert into GANANCIAS (id, CANTIDAD, MES, AÑO, OPERADOR) values (100, 5966268, 12, 2019, 9);
insert into GANANCIAS (id, CANTIDAD, MES, AÑO, OPERADOR) values (101, 185746, 11, 2019, 9);
insert into GANANCIAS (id, CANTIDAD, MES, AÑO, OPERADOR) values (102, 4791237, 10, 2019, 9);
insert into GANANCIAS (id, CANTIDAD, MES, AÑO, OPERADOR) values (103, 6042919, 9, 2019, 9);
insert into GANANCIAS (id, CANTIDAD, MES, AÑO, OPERADOR) values (104, 2207168, 8, 2019, 9);
insert into GANANCIAS (id, CANTIDAD, MES, AÑO, OPERADOR) values (105, 4998639, 7, 2019, 9);
insert into GANANCIAS (id, CANTIDAD, MES, AÑO, OPERADOR) values (106, 4225883, 6, 2019, 9);
insert into GANANCIAS (id, CANTIDAD, MES, AÑO, OPERADOR) values (107, 4953194, 5, 2019, 9);
insert into GANANCIAS (id, CANTIDAD, MES, AÑO, OPERADOR) values (108, 6019134, 4, 2019, 9);
insert into GANANCIAS (id, CANTIDAD, MES, AÑO, OPERADOR) values (109, 9929340, 3, 2020, 10);
insert into GANANCIAS (id, CANTIDAD, MES, AÑO, OPERADOR) values (110, 1955116, 2, 2020, 10);
insert into GANANCIAS (id, CANTIDAD, MES, AÑO, OPERADOR) values (111, 3876898, 1, 2020, 10);
insert into GANANCIAS (id, CANTIDAD, MES, AÑO, OPERADOR) values (112, 8123, 12, 2019, 10);
insert into GANANCIAS (id, CANTIDAD, MES, AÑO, OPERADOR) values (113, 3471881, 11, 2019, 10);
insert into GANANCIAS (id, CANTIDAD, MES, AÑO, OPERADOR) values (114, 631525, 10, 2019, 10);
insert into GANANCIAS (id, CANTIDAD, MES, AÑO, OPERADOR) values (115, 8964871, 9, 2019, 10);
insert into GANANCIAS (id, CANTIDAD, MES, AÑO, OPERADOR) values (116, 2311299, 8, 2019, 10);
insert into GANANCIAS (id, CANTIDAD, MES, AÑO, OPERADOR) values (117, 2528483, 7, 2019, 10);
insert into GANANCIAS (id, CANTIDAD, MES, AÑO, OPERADOR) values (118, 7737485, 6, 2019, 10);
insert into GANANCIAS (id, CANTIDAD, MES, AÑO, OPERADOR) values (119, 3719278, 5, 2019, 10);
insert into GANANCIAS (id, CANTIDAD, MES, AÑO, OPERADOR) values (120, 9909283, 4, 2019, 10);

---datos de los servicios
insert into SERVICIO (id, NOMBRE, COSTO) values (1, 'Piscina', 93);
insert into SERVICIO (id, NOMBRE, COSTO) values (2, 'Television', 7);
insert into SERVICIO (id, NOMBRE, COSTO) values (3, 'Tennis de mesa', 94);
insert into SERVICIO (id, NOMBRE, COSTO) values (4, 'Canchas multideporte', 57);
insert into SERVICIO (id, NOMBRE, COSTO) values (5, 'Cocina', 91);
insert into SERVICIO (id, NOMBRE, COSTO) values (6, 'Cocineta', 61);
insert into SERVICIO (id, NOMBRE, COSTO) values (7, 'servicio a la habitacion', 86);
insert into SERVICIO (id, NOMBRE, COSTO) values (8, 'Energia', 60);
insert into SERVICIO (id, NOMBRE, COSTO) values (9, 'Agua', 89);
insert into SERVICIO (id, NOMBRE, COSTO) values (10, 'Gas', 10);

--- datos de las viviendas
insert into VIVIENDA (id, DIRECCION, CUPOS, OPERADOR) values (1, '63948 Vahlen Hill', 5, 1);
insert into VIVIENDA (id, DIRECCION, CUPOS, OPERADOR) values (2, '16182 Vernon Avenue', 3, 2);
insert into VIVIENDA (id, DIRECCION, CUPOS, OPERADOR) values (3, '8911 Cordelia Court', 4, 3);
insert into VIVIENDA (id, DIRECCION, CUPOS, OPERADOR) values (4, '6929 Autumn Leaf Junction', 4, 4);
insert into VIVIENDA (id, DIRECCION, CUPOS, OPERADOR) values (5, '65868 Cardinal Hill', 4, 5);
insert into VIVIENDA (id, DIRECCION, CUPOS, OPERADOR) values (6, '7 Prairieview Junction', 4, 6);
insert into VIVIENDA (id, DIRECCION, CUPOS, OPERADOR) values (7, '518 Meadow Valley Point', 4, 7);
insert into VIVIENDA (id, DIRECCION, CUPOS, OPERADOR) values (8, '12 Manley Park', 3, 8);
insert into VIVIENDA (id, DIRECCION, CUPOS, OPERADOR) values (9, '884 Springs Park', 3, 9);
insert into VIVIENDA (id, DIRECCION, CUPOS, OPERADOR) values (10, '51662 Red Cloud Road', 5, 10);

---TO_TIMESTAMP('2014-07-02 06:14:00.742000000', 'YYYY-MM-DD HH24:MI:SS.FF'), TO_TIMESTAMP('2014-07-02 18:14:00.742000000', 'YYYY-MM-DD HH24:MI:SS.FF')
--- datos de las ofertas
insert into OFERTA (id, PRECIO, PERIODO, VIVIENDA, FECHAINICIO, FECHAFIN) values (1, 1, 'MESES', 1, TO_TIMESTAMP('2014-07-01 06:14:00.742000000', 'YYYY-MM-DD HH24:MI:SS.FF'), TO_TIMESTAMP('2014-07-02 18:14:00.742000000', 'YYYY-MM-DD HH24:MI:SS.FF'));
insert into OFERTA (id, PRECIO, PERIODO, VIVIENDA, FECHAINICIO, FECHAFIN) values (2, 2, 'SEMESTRES', 1, TO_TIMESTAMP('2014-07-02 06:14:00.742000000', 'YYYY-MM-DD HH24:MI:SS.FF'), TO_TIMESTAMP('2014-07-03 18:14:00.742000000', 'YYYY-MM-DD HH24:MI:SS.FF'));
insert into OFERTA (id, PRECIO, PERIODO, VIVIENDA, FECHAINICIO, FECHAFIN) values (3, 3, 'SEMESTRES', 1,TO_TIMESTAMP('2014-07-02 06:14:00.742000000', 'YYYY-MM-DD HH24:MI:SS.FF'), TO_TIMESTAMP('2014-07-04 18:14:00.742000000', 'YYYY-MM-DD HH24:MI:SS.FF'));
insert into OFERTA (id, PRECIO, PERIODO, VIVIENDA, FECHAINICIO, FECHAFIN) values (4, 4, 'SEMESTRES', 1, TO_TIMESTAMP('2014-07-02 06:14:00.742000000', 'YYYY-MM-DD HH24:MI:SS.FF'), TO_TIMESTAMP('2014-07-05 18:14:00.742000000', 'YYYY-MM-DD HH24:MI:SS.FF'));
insert into OFERTA (id, PRECIO, PERIODO, VIVIENDA, FECHAINICIO, FECHAFIN) values (5, 5, 'SEMESTRES', 2, TO_TIMESTAMP('2014-07-02 06:14:00.742000000', 'YYYY-MM-DD HH24:MI:SS.FF'), TO_TIMESTAMP('2014-07-06 18:14:00.742000000', 'YYYY-MM-DD HH24:MI:SS.FF'));
insert into OFERTA (id, PRECIO, PERIODO, VIVIENDA, FECHAINICIO, FECHAFIN) values (6, 6, 'DIAS', 2, TO_TIMESTAMP('2014-07-02 06:14:00.742000000', 'YYYY-MM-DD HH24:MI:SS.FF'), TO_TIMESTAMP('2014-07-07 18:14:00.742000000', 'YYYY-MM-DD HH24:MI:SS.FF'));
insert into OFERTA (id, PRECIO, PERIODO, VIVIENDA, FECHAINICIO, FECHAFIN) values (7, 7, 'SEMESTRES', 2, TO_TIMESTAMP('2014-07-02 06:14:00.742000000', 'YYYY-MM-DD HH24:MI:SS.FF'), TO_TIMESTAMP('2014-07-08 18:14:00.742000000', 'YYYY-MM-DD HH24:MI:SS.FF'));
insert into OFERTA (id, PRECIO, PERIODO, VIVIENDA, FECHAINICIO, FECHAFIN) values (8, 8, 'SEMESTRES', 2, TO_TIMESTAMP('2014-07-02 06:14:00.742000000', 'YYYY-MM-DD HH24:MI:SS.FF'), TO_TIMESTAMP('2014-07-09 18:14:00.742000000', 'YYYY-MM-DD HH24:MI:SS.FF'));
insert into OFERTA (id, PRECIO, PERIODO, VIVIENDA, FECHAINICIO, FECHAFIN) values (9, 9, 'MESES', 2, TO_TIMESTAMP('2014-07-02 06:14:00.742000000', 'YYYY-MM-DD HH24:MI:SS.FF'), TO_TIMESTAMP('2014-07-10 18:14:00.742000000', 'YYYY-MM-DD HH24:MI:SS.FF'));
insert into OFERTA (id, PRECIO, PERIODO, VIVIENDA, FECHAINICIO, FECHAFIN) values (10, 10, 'DIAS', 3, TO_TIMESTAMP('2014-07-02 06:14:00.742000000', 'YYYY-MM-DD HH24:MI:SS.FF'), TO_TIMESTAMP('2014-07-11 18:14:00.742000000', 'YYYY-MM-DD HH24:MI:SS.FF'));
insert into OFERTA (id, PRECIO, PERIODO, VIVIENDA, FECHAINICIO, FECHAFIN) values (11, 11, 'SEMESTRES', 3, TO_TIMESTAMP('2014-07-02 06:14:00.742000000', 'YYYY-MM-DD HH24:MI:SS.FF'), TO_TIMESTAMP('2014-07-12 18:14:00.742000000', 'YYYY-MM-DD HH24:MI:SS.FF'));
insert into OFERTA (id, PRECIO, PERIODO, VIVIENDA, FECHAINICIO, FECHAFIN) values (12, 12, 'SEMESTRES', 3, TO_TIMESTAMP('2014-07-02 06:14:00.742000000', 'YYYY-MM-DD HH24:MI:SS.FF'), TO_TIMESTAMP('2014-07-13 18:14:00.742000000', 'YYYY-MM-DD HH24:MI:SS.FF'));
insert into OFERTA (id, PRECIO, PERIODO, VIVIENDA, FECHAINICIO, FECHAFIN) values (13, 13, 'SEMESTRES', 3, TO_TIMESTAMP('2014-07-02 06:14:00.742000000', 'YYYY-MM-DD HH24:MI:SS.FF'), TO_TIMESTAMP('2014-07-14 18:14:00.742000000', 'YYYY-MM-DD HH24:MI:SS.FF'));
insert into OFERTA (id, PRECIO, PERIODO, VIVIENDA, FECHAINICIO, FECHAFIN) values (14, 14, 'DIAS', 4, TO_TIMESTAMP('2014-07-02 06:14:00.742000000', 'YYYY-MM-DD HH24:MI:SS.FF'), TO_TIMESTAMP('2014-07-15 18:14:00.742000000', 'YYYY-MM-DD HH24:MI:SS.FF'));
insert into OFERTA (id, PRECIO, PERIODO, VIVIENDA, FECHAINICIO, FECHAFIN) values (15, 15, 'MESES', 4, TO_TIMESTAMP('2014-07-02 06:14:00.742000000', 'YYYY-MM-DD HH24:MI:SS.FF'), TO_TIMESTAMP('2014-07-16 18:14:00.742000000', 'YYYY-MM-DD HH24:MI:SS.FF'));
insert into OFERTA (id, PRECIO, PERIODO, VIVIENDA, FECHAINICIO, FECHAFIN) values (16, 16, 'SEMESTRES', 4, TO_TIMESTAMP('2014-07-02 06:14:00.742000000', 'YYYY-MM-DD HH24:MI:SS.FF'), TO_TIMESTAMP('2014-07-17 18:14:00.742000000', 'YYYY-MM-DD HH24:MI:SS.FF'));
insert into OFERTA (id, PRECIO, PERIODO, VIVIENDA, FECHAINICIO, FECHAFIN) values (17, 17, 'DIAS', 4, TO_TIMESTAMP('2014-07-02 06:14:00.742000000', 'YYYY-MM-DD HH24:MI:SS.FF'), TO_TIMESTAMP('2014-07-18 18:14:00.742000000', 'YYYY-MM-DD HH24:MI:SS.FF'));
insert into OFERTA (id, PRECIO, PERIODO, VIVIENDA, FECHAINICIO, FECHAFIN) values (18, 18, 'SEMESTRES', 5, TO_TIMESTAMP('2014-07-02 06:14:00.742000000', 'YYYY-MM-DD HH24:MI:SS.FF'), TO_TIMESTAMP('2014-07-19 18:14:00.742000000', 'YYYY-MM-DD HH24:MI:SS.FF'));
insert into OFERTA (id, PRECIO, PERIODO, VIVIENDA, FECHAINICIO, FECHAFIN) values (19, 19, 'SEMESTRES', 5, TO_TIMESTAMP('2014-07-02 06:14:00.742000000', 'YYYY-MM-DD HH24:MI:SS.FF'), TO_TIMESTAMP('2014-07-20 18:14:00.742000000', 'YYYY-MM-DD HH24:MI:SS.FF'));
insert into OFERTA (id, PRECIO, PERIODO, VIVIENDA, FECHAINICIO, FECHAFIN) values (20, 20, 'SEMESTRES', 5, TO_TIMESTAMP('2014-07-02 06:14:00.742000000', 'YYYY-MM-DD HH24:MI:SS.FF'), TO_TIMESTAMP('2014-07-21 18:14:00.742000000', 'YYYY-MM-DD HH24:MI:SS.FF'));
insert into OFERTA (id, PRECIO, PERIODO, VIVIENDA, FECHAINICIO, FECHAFIN) values (21, 21, 'SEMESTRES', 5, TO_TIMESTAMP('2014-07-02 06:14:00.742000000', 'YYYY-MM-DD HH24:MI:SS.FF'), TO_TIMESTAMP('2014-07-22 18:14:00.742000000', 'YYYY-MM-DD HH24:MI:SS.FF'));
insert into OFERTA (id, PRECIO, PERIODO, VIVIENDA, FECHAINICIO, FECHAFIN) values (22, 22, 'SEMESTRES', 6, TO_TIMESTAMP('2014-07-02 06:14:00.742000000', 'YYYY-MM-DD HH24:MI:SS.FF'), TO_TIMESTAMP('2014-07-23 18:14:00.742000000', 'YYYY-MM-DD HH24:MI:SS.FF'));
insert into OFERTA (id, PRECIO, PERIODO, VIVIENDA, FECHAINICIO, FECHAFIN) values (23, 23, 'SEMESTRES', 6, TO_TIMESTAMP('2014-07-02 06:14:00.742000000', 'YYYY-MM-DD HH24:MI:SS.FF'), TO_TIMESTAMP('2014-07-24 18:14:00.742000000', 'YYYY-MM-DD HH24:MI:SS.FF'));
insert into OFERTA (id, PRECIO, PERIODO, VIVIENDA, FECHAINICIO, FECHAFIN) values (24, 24, 'MESES', 6, TO_TIMESTAMP('2014-07-02 06:14:00.742000000', 'YYYY-MM-DD HH24:MI:SS.FF'), TO_TIMESTAMP('2014-07-25 18:14:00.742000000', 'YYYY-MM-DD HH24:MI:SS.FF'));
insert into OFERTA (id, PRECIO, PERIODO, VIVIENDA, FECHAINICIO, FECHAFIN) values (25, 25, 'MESES', 6, TO_TIMESTAMP('2014-07-02 06:14:00.742000000', 'YYYY-MM-DD HH24:MI:SS.FF'), TO_TIMESTAMP('2014-07-26 18:14:00.742000000', 'YYYY-MM-DD HH24:MI:SS.FF'));
insert into OFERTA (id, PRECIO, PERIODO, VIVIENDA, FECHAINICIO, FECHAFIN) values (26, 26, 'SEMESTRES', 7, TO_TIMESTAMP('2014-07-02 06:14:00.742000000', 'YYYY-MM-DD HH24:MI:SS.FF'), TO_TIMESTAMP('2014-07-27 18:14:00.742000000', 'YYYY-MM-DD HH24:MI:SS.FF'));
insert into OFERTA (id, PRECIO, PERIODO, VIVIENDA, FECHAINICIO, FECHAFIN) values (27, 27, 'SEMESTRES', 7, TO_TIMESTAMP('2014-07-02 06:14:00.742000000', 'YYYY-MM-DD HH24:MI:SS.FF'), TO_TIMESTAMP('2014-07-28 18:14:00.742000000', 'YYYY-MM-DD HH24:MI:SS.FF'));
insert into OFERTA (id, PRECIO, PERIODO, VIVIENDA, FECHAINICIO, FECHAFIN) values (28, 28, 'SEMESTRES', 7, TO_TIMESTAMP('2014-07-02 06:14:00.742000000', 'YYYY-MM-DD HH24:MI:SS.FF'), TO_TIMESTAMP('2014-07-29 18:14:00.742000000', 'YYYY-MM-DD HH24:MI:SS.FF'));
insert into OFERTA (id, PRECIO, PERIODO, VIVIENDA, FECHAINICIO, FECHAFIN) values (29, 29, 'MESES', 7, TO_TIMESTAMP('2014-07-02 06:14:00.742000000', 'YYYY-MM-DD HH24:MI:SS.FF'), TO_TIMESTAMP('2014-07-30 18:14:00.742000000', 'YYYY-MM-DD HH24:MI:SS.FF'));
insert into OFERTA (id, PRECIO, PERIODO, VIVIENDA, FECHAINICIO, FECHAFIN) values (30, 30, 'MESES', 8, TO_TIMESTAMP('2014-07-02 06:14:00.742000000', 'YYYY-MM-DD HH24:MI:SS.FF'), TO_TIMESTAMP('2014-07-31 18:14:00.742000000', 'YYYY-MM-DD HH24:MI:SS.FF'));
insert into OFERTA (id, PRECIO, PERIODO, VIVIENDA, FECHAINICIO, FECHAFIN) values (31, 31, 'DIAS', 8, TO_TIMESTAMP('2014-07-02 06:14:00.742000000', 'YYYY-MM-DD HH24:MI:SS.FF'), TO_TIMESTAMP('2014-08-01 18:14:00.742000000', 'YYYY-MM-DD HH24:MI:SS.FF'));
insert into OFERTA (id, PRECIO, PERIODO, VIVIENDA, FECHAINICIO, FECHAFIN) values (32, 32, 'SEMESTRES', 8, TO_TIMESTAMP('2014-07-02 06:14:00.742000000', 'YYYY-MM-DD HH24:MI:SS.FF'), TO_TIMESTAMP('2014-08-02 18:14:00.742000000', 'YYYY-MM-DD HH24:MI:SS.FF'));
insert into OFERTA (id, PRECIO, PERIODO, VIVIENDA, FECHAINICIO, FECHAFIN) values (33, 33, 'SEMESTRES', 8, TO_TIMESTAMP('2014-07-02 06:14:00.742000000', 'YYYY-MM-DD HH24:MI:SS.FF'), TO_TIMESTAMP('2014-08-03 18:14:00.742000000', 'YYYY-MM-DD HH24:MI:SS.FF'));
insert into OFERTA (id, PRECIO, PERIODO, VIVIENDA, FECHAINICIO, FECHAFIN) values (34, 34, 'MESES', 9, TO_TIMESTAMP('2014-07-02 06:14:00.742000000', 'YYYY-MM-DD HH24:MI:SS.FF'), TO_TIMESTAMP('2014-08-04 18:14:00.742000000', 'YYYY-MM-DD HH24:MI:SS.FF'));
insert into OFERTA (id, PRECIO, PERIODO, VIVIENDA, FECHAINICIO, FECHAFIN) values (35, 35, 'SEMESTRES', 9, TO_TIMESTAMP('2014-07-02 06:14:00.742000000', 'YYYY-MM-DD HH24:MI:SS.FF'), TO_TIMESTAMP('2014-08-05 18:14:00.742000000', 'YYYY-MM-DD HH24:MI:SS.FF'));
insert into OFERTA (id, PRECIO, PERIODO, VIVIENDA, FECHAINICIO, FECHAFIN) values (36, 36, 'MESES', 9, TO_TIMESTAMP('2014-07-02 06:14:00.742000000', 'YYYY-MM-DD HH24:MI:SS.FF'), TO_TIMESTAMP('2014-08-06 18:14:00.742000000', 'YYYY-MM-DD HH24:MI:SS.FF'));
insert into OFERTA (id, PRECIO, PERIODO, VIVIENDA, FECHAINICIO, FECHAFIN) values (37, 37, 'SEMESTRES', 9, TO_TIMESTAMP('2014-07-02 06:14:00.742000000', 'YYYY-MM-DD HH24:MI:SS.FF'), TO_TIMESTAMP('2014-08-07 18:14:00.742000000', 'YYYY-MM-DD HH24:MI:SS.FF'));
insert into OFERTA (id, PRECIO, PERIODO, VIVIENDA, FECHAINICIO, FECHAFIN) values (38, 38, 'SEMESTRES', 10, TO_TIMESTAMP('2014-07-02 06:14:00.742000000', 'YYYY-MM-DD HH24:MI:SS.FF'), TO_TIMESTAMP('2014-08-08 18:14:00.742000000', 'YYYY-MM-DD HH24:MI:SS.FF'));
insert into OFERTA (id, PRECIO, PERIODO, VIVIENDA, FECHAINICIO, FECHAFIN) values (39, 39, 'SEMESTRES', 10, TO_TIMESTAMP('2014-07-02 06:14:00.742000000', 'YYYY-MM-DD HH24:MI:SS.FF'), TO_TIMESTAMP('2014-08-09 18:14:00.742000000', 'YYYY-MM-DD HH24:MI:SS.FF'));
insert into OFERTA (id, PRECIO, PERIODO, VIVIENDA, FECHAINICIO, FECHAFIN) values (40, 40, 'SEMESTRES', 10, TO_TIMESTAMP('2014-07-02 06:14:00.742000000', 'YYYY-MM-DD HH24:MI:SS.FF'), TO_TIMESTAMP('2014-08-10 18:14:00.742000000', 'YYYY-MM-DD HH24:MI:SS.FF'));

--- datos de incluye
insert into INCLUYE (OFERTA, SERVICIO, INCLUIDO) values (35, 10, 1);
insert into INCLUYE (OFERTA, SERVICIO, INCLUIDO) values (32, 2, 0);
insert into INCLUYE (OFERTA, SERVICIO, INCLUIDO) values (25, 1, 1);
insert into INCLUYE (OFERTA, SERVICIO, INCLUIDO) values (40, 6, 0);
insert into INCLUYE (OFERTA, SERVICIO, INCLUIDO) values (27, 10, 0);
insert into INCLUYE (OFERTA, SERVICIO, INCLUIDO) values (35, 3, 1);
insert into INCLUYE (OFERTA, SERVICIO, INCLUIDO) values (15, 3, 0);
insert into INCLUYE (OFERTA, SERVICIO, INCLUIDO) values (15, 4, 0);
insert into INCLUYE (OFERTA, SERVICIO, INCLUIDO) values (23, 2, 0);
insert into INCLUYE (OFERTA, SERVICIO, INCLUIDO) values (16, 6, 1);
insert into INCLUYE (OFERTA, SERVICIO, INCLUIDO) values (1, 9, 1);
insert into INCLUYE (OFERTA, SERVICIO, INCLUIDO) values (31, 8, 1);

--- datos de habitaciones
insert into HABITACION (ID, TIPO_HABITACION, CATEGORIA, NUMERO) values (1, 'SUITE', 'ukbvrccraawfvw', 2);
insert into HABITACION (ID, TIPO_HABITACION, CATEGORIA, NUMERO) values (2, 'SEMISUITE', 'znxwypukzznnzr', 4);
insert into HABITACION (ID, TIPO_HABITACION, CATEGORIA, NUMERO) values (3, 'SUITE', 'qqemolelepggbn', 1);

--- datos de los seguro
insert into SEGURO (ID, EMPRESA, MONTO, INICIO_SEGURO, FIN_SEGURO) values (1, 'Meetz', 565, TO_TIMESTAMP('2014-07-02 06:14:00.742000000', 'YYYY-MM-DD HH24:MI:SS.FF'), TO_TIMESTAMP('2014-08-10 18:14:00.742000000', 'YYYY-MM-DD HH24:MI:SS.FF'));

--- datos de esporadico
insert into ESPORADICO (ID, AREA, AMOBLADO, NUMERO_HABITACIONES, NOCHES_AÑO, SEGURO) values (4, 7, 1, 4, 4, 1);

--- datos de cuartos
insert into CUARTO (ID, BAÑO_PRIVADO, CUARTO_PRIVADO, ESQUEMA, MENAJE) values (5, 1, 0, 'ukhxnxcd', 'pqvwzpom');
insert into CUARTO (ID, BAÑO_PRIVADO, CUARTO_PRIVADO, ESQUEMA, MENAJE) values (6, 0, 1, 'uryussls', 'wnygktrm');
insert into CUARTO (ID, BAÑO_PRIVADO, CUARTO_PRIVADO, ESQUEMA, MENAJE) values (7, 1, 0, 'gmzbfvdx', 'vngxauwg');

--- datos de apartamentos
insert into APARTAMENTO (ID, AREA, AMOBLADO, NUMERO_HABITACIONES) values (8, 70, 1, 4);
insert into APARTAMENTO (ID, AREA, AMOBLADO, NUMERO_HABITACIONES) values (9, 50, 0, 1);
insert into APARTAMENTO (ID, AREA, AMOBLADO, NUMERO_HABITACIONES) values (10, 15, 0, 2);

--- datos de reservas
insert into RESERVA (ID, INICIO, FIN, PERIODO_ARRENDAMIENTO, OFERTA, CLIENTE) values (1, TO_TIMESTAMP('2014-07-02 06:14:00.742000000', 'YYYY-MM-DD HH24:MI:SS.FF'), TO_TIMESTAMP('2014-08-10 18:14:00.742000000', 'YYYY-MM-DD HH24:MI:SS.FF'), 'SEMESTRES', 24, 38);
insert into RESERVA (ID, INICIO, FIN, PERIODO_ARRENDAMIENTO, OFERTA, CLIENTE) values (2, TO_TIMESTAMP('2014-07-02 06:14:00.742000000', 'YYYY-MM-DD HH24:MI:SS.FF'), TO_TIMESTAMP('2014-08-10 18:14:00.742000000', 'YYYY-MM-DD HH24:MI:SS.FF'), 'SEMESTRES', 16, 36);
insert into RESERVA (ID, INICIO, FIN, PERIODO_ARRENDAMIENTO, OFERTA, CLIENTE) values (3, TO_TIMESTAMP('2014-07-02 06:14:00.742000000', 'YYYY-MM-DD HH24:MI:SS.FF'), TO_TIMESTAMP('2014-08-10 18:14:00.742000000', 'YYYY-MM-DD HH24:MI:SS.FF'), 'SEMESTRES', 5, 23);
insert into RESERVA (ID, INICIO, FIN, PERIODO_ARRENDAMIENTO, OFERTA, CLIENTE) values (4, TO_TIMESTAMP('2014-07-02 06:14:00.742000000', 'YYYY-MM-DD HH24:MI:SS.FF'), TO_TIMESTAMP('2014-08-10 18:14:00.742000000', 'YYYY-MM-DD HH24:MI:SS.FF'), 'DIAS', 5, 36);
insert into RESERVA (ID, INICIO, FIN, PERIODO_ARRENDAMIENTO, OFERTA, CLIENTE) values (5, TO_TIMESTAMP('2014-07-02 06:14:00.742000000', 'YYYY-MM-DD HH24:MI:SS.FF'), TO_TIMESTAMP('2014-08-10 18:14:00.742000000', 'YYYY-MM-DD HH24:MI:SS.FF'), 'SEMESTRES', 19, 32);
insert into RESERVA (ID, INICIO, FIN, PERIODO_ARRENDAMIENTO, OFERTA, CLIENTE) values (6, TO_TIMESTAMP('2014-07-02 06:14:00.742000000', 'YYYY-MM-DD HH24:MI:SS.FF'), TO_TIMESTAMP('2014-08-10 18:14:00.742000000', 'YYYY-MM-DD HH24:MI:SS.FF'), 'DIAS', 4, 23);
insert into RESERVA (ID, INICIO, FIN, PERIODO_ARRENDAMIENTO, OFERTA, CLIENTE) values (7, TO_TIMESTAMP('2014-07-02 06:14:00.742000000', 'YYYY-MM-DD HH24:MI:SS.FF'), TO_TIMESTAMP('2014-08-10 18:14:00.742000000', 'YYYY-MM-DD HH24:MI:SS.FF'), 'DIAS', 34, 13);
insert into RESERVA (ID, INICIO, FIN, PERIODO_ARRENDAMIENTO, OFERTA, CLIENTE) values (8, TO_TIMESTAMP('2014-07-02 06:14:00.742000000', 'YYYY-MM-DD HH24:MI:SS.FF'), TO_TIMESTAMP('2014-08-10 18:14:00.742000000', 'YYYY-MM-DD HH24:MI:SS.FF'), 'DIAS', 30, 27);
insert into RESERVA (ID, INICIO, FIN, PERIODO_ARRENDAMIENTO, OFERTA, CLIENTE) values (9, TO_TIMESTAMP('2014-07-02 06:14:00.742000000', 'YYYY-MM-DD HH24:MI:SS.FF'), TO_TIMESTAMP('2014-08-10 18:14:00.742000000', 'YYYY-MM-DD HH24:MI:SS.FF'), 'MESES', 11, 16);
insert into RESERVA (ID, INICIO, FIN, PERIODO_ARRENDAMIENTO, OFERTA, CLIENTE) values (10, TO_TIMESTAMP('2014-07-02 06:14:00.742000000', 'YYYY-MM-DD HH24:MI:SS.FF'), TO_TIMESTAMP('2014-08-10 18:14:00.742000000', 'YYYY-MM-DD HH24:MI:SS.FF'), 'MESES', 28, 33);
insert into RESERVA (ID, INICIO, FIN, PERIODO_ARRENDAMIENTO, OFERTA, CLIENTE) values (11, TO_TIMESTAMP('2014-07-02 06:14:00.742000000', 'YYYY-MM-DD HH24:MI:SS.FF'), TO_TIMESTAMP('2014-08-10 18:14:00.742000000', 'YYYY-MM-DD HH24:MI:SS.FF'), 'MESES', 13, 1);
insert into RESERVA (ID, INICIO, FIN, PERIODO_ARRENDAMIENTO, OFERTA, CLIENTE) values (12, TO_TIMESTAMP('2014-07-02 06:14:00.742000000', 'YYYY-MM-DD HH24:MI:SS.FF'), TO_TIMESTAMP('2014-08-10 18:14:00.742000000', 'YYYY-MM-DD HH24:MI:SS.FF'), 'SEMESTRES', 2, 34);
insert into RESERVA (ID, INICIO, FIN, PERIODO_ARRENDAMIENTO, OFERTA, CLIENTE) values (13, TO_TIMESTAMP('2014-07-02 06:14:00.742000000', 'YYYY-MM-DD HH24:MI:SS.FF'), TO_TIMESTAMP('2014-08-10 18:14:00.742000000', 'YYYY-MM-DD HH24:MI:SS.FF'), 'DIAS', 21, 2);
insert into RESERVA (ID, INICIO, FIN, PERIODO_ARRENDAMIENTO, OFERTA, CLIENTE) values (14, TO_TIMESTAMP('2014-07-02 06:14:00.742000000', 'YYYY-MM-DD HH24:MI:SS.FF'), TO_TIMESTAMP('2014-08-10 18:14:00.742000000', 'YYYY-MM-DD HH24:MI:SS.FF'), 'SEMESTRES', 19, 18);
insert into RESERVA (ID, INICIO, FIN, PERIODO_ARRENDAMIENTO, OFERTA, CLIENTE) values (15, TO_TIMESTAMP('2014-07-02 06:14:00.742000000', 'YYYY-MM-DD HH24:MI:SS.FF'), TO_TIMESTAMP('2014-08-10 18:14:00.742000000', 'YYYY-MM-DD HH24:MI:SS.FF'), 'DIAS', 8, 29);
insert into RESERVA (ID, INICIO, FIN, PERIODO_ARRENDAMIENTO, OFERTA, CLIENTE) values (16, TO_TIMESTAMP('2014-07-02 06:14:00.742000000', 'YYYY-MM-DD HH24:MI:SS.FF'), TO_TIMESTAMP('2014-08-10 18:14:00.742000000', 'YYYY-MM-DD HH24:MI:SS.FF'), 'SEMESTRES', 9, 39);
insert into RESERVA (ID, INICIO, FIN, PERIODO_ARRENDAMIENTO, OFERTA, CLIENTE) values (17, TO_TIMESTAMP('2014-07-02 06:14:00.742000000', 'YYYY-MM-DD HH24:MI:SS.FF'), TO_TIMESTAMP('2014-08-10 18:14:00.742000000', 'YYYY-MM-DD HH24:MI:SS.FF'), 'MESES', 22, 16);
insert into RESERVA (ID, INICIO, FIN, PERIODO_ARRENDAMIENTO, OFERTA, CLIENTE) values (18, TO_TIMESTAMP('2014-07-02 06:14:00.742000000', 'YYYY-MM-DD HH24:MI:SS.FF'), TO_TIMESTAMP('2014-08-10 18:14:00.742000000', 'YYYY-MM-DD HH24:MI:SS.FF'), 'SEMESTRES', 16, 37);
insert into RESERVA (ID, INICIO, FIN, PERIODO_ARRENDAMIENTO, OFERTA, CLIENTE) values (19, TO_TIMESTAMP('2014-07-02 06:14:00.742000000', 'YYYY-MM-DD HH24:MI:SS.FF'), TO_TIMESTAMP('2014-08-10 18:14:00.742000000', 'YYYY-MM-DD HH24:MI:SS.FF'), 'DIAS', 19, 12);
insert into RESERVA (ID, INICIO, FIN, PERIODO_ARRENDAMIENTO, OFERTA, CLIENTE) values (20, TO_TIMESTAMP('2014-07-02 06:14:00.742000000', 'YYYY-MM-DD HH24:MI:SS.FF'), TO_TIMESTAMP('2014-08-10 18:14:00.742000000', 'YYYY-MM-DD HH24:MI:SS.FF'), 'MESES', 2, 9);
insert into RESERVA (ID, INICIO, FIN, PERIODO_ARRENDAMIENTO, OFERTA, CLIENTE) values (21, TO_TIMESTAMP('2014-07-02 06:14:00.742000000', 'YYYY-MM-DD HH24:MI:SS.FF'), TO_TIMESTAMP('2014-08-10 18:14:00.742000000', 'YYYY-MM-DD HH24:MI:SS.FF'), 'SEMESTRES', 13, 10);
insert into RESERVA (ID, INICIO, FIN, PERIODO_ARRENDAMIENTO, OFERTA, CLIENTE) values (22, TO_TIMESTAMP('2014-07-02 06:14:00.742000000', 'YYYY-MM-DD HH24:MI:SS.FF'), TO_TIMESTAMP('2014-08-10 18:14:00.742000000', 'YYYY-MM-DD HH24:MI:SS.FF'), 'SEMESTRES', 26, 28);
insert into RESERVA (ID, INICIO, FIN, PERIODO_ARRENDAMIENTO, OFERTA, CLIENTE) values (23, TO_TIMESTAMP('2014-07-02 06:14:00.742000000', 'YYYY-MM-DD HH24:MI:SS.FF'), TO_TIMESTAMP('2014-08-10 18:14:00.742000000', 'YYYY-MM-DD HH24:MI:SS.FF'), 'MESES', 37, 27);
insert into RESERVA (ID, INICIO, FIN, PERIODO_ARRENDAMIENTO, OFERTA, CLIENTE) values (24, TO_TIMESTAMP('2014-07-02 06:14:00.742000000', 'YYYY-MM-DD HH24:MI:SS.FF'), TO_TIMESTAMP('2014-08-10 18:14:00.742000000', 'YYYY-MM-DD HH24:MI:SS.FF'), 'MESES', 30, 3);
insert into RESERVA (ID, INICIO, FIN, PERIODO_ARRENDAMIENTO, OFERTA, CLIENTE) values (25, TO_TIMESTAMP('2014-07-02 06:14:00.742000000', 'YYYY-MM-DD HH24:MI:SS.FF'), TO_TIMESTAMP('2014-08-10 18:14:00.742000000', 'YYYY-MM-DD HH24:MI:SS.FF'), 'DIAS', 34, 25);
insert into RESERVA (ID, INICIO, FIN, PERIODO_ARRENDAMIENTO, OFERTA, CLIENTE) values (26, TO_TIMESTAMP('2014-07-02 06:14:00.742000000', 'YYYY-MM-DD HH24:MI:SS.FF'), TO_TIMESTAMP('2014-08-10 18:14:00.742000000', 'YYYY-MM-DD HH24:MI:SS.FF'), 'SEMESTRES', 40, 19);
insert into RESERVA (ID, INICIO, FIN, PERIODO_ARRENDAMIENTO, OFERTA, CLIENTE) values (27, TO_TIMESTAMP('2014-07-02 06:14:00.742000000', 'YYYY-MM-DD HH24:MI:SS.FF'), TO_TIMESTAMP('2014-08-10 18:14:00.742000000', 'YYYY-MM-DD HH24:MI:SS.FF'), 'SEMESTRES', 26, 18);
insert into RESERVA (ID, INICIO, FIN, PERIODO_ARRENDAMIENTO, OFERTA, CLIENTE) values (28, TO_TIMESTAMP('2014-07-02 06:14:00.742000000', 'YYYY-MM-DD HH24:MI:SS.FF'), TO_TIMESTAMP('2014-08-10 18:14:00.742000000', 'YYYY-MM-DD HH24:MI:SS.FF'), 'DIAS', 36, 10);
insert into RESERVA (ID, INICIO, FIN, PERIODO_ARRENDAMIENTO, OFERTA, CLIENTE) values (29, TO_TIMESTAMP('2014-07-02 06:14:00.742000000', 'YYYY-MM-DD HH24:MI:SS.FF'), TO_TIMESTAMP('2014-08-10 18:14:00.742000000', 'YYYY-MM-DD HH24:MI:SS.FF'), 'DIAS', 3, 5);
insert into RESERVA (ID, INICIO, FIN, PERIODO_ARRENDAMIENTO, OFERTA, CLIENTE) values (30, TO_TIMESTAMP('2014-07-02 06:14:00.742000000', 'YYYY-MM-DD HH24:MI:SS.FF'), TO_TIMESTAMP('2014-08-10 18:14:00.742000000', 'YYYY-MM-DD HH24:MI:SS.FF'), 'SEMESTRES', 18, 13);
insert into RESERVA (ID, INICIO, FIN, PERIODO_ARRENDAMIENTO, OFERTA, CLIENTE) values (31, TO_TIMESTAMP('2014-07-02 06:14:00.742000000', 'YYYY-MM-DD HH24:MI:SS.FF'), TO_TIMESTAMP('2014-08-10 18:14:00.742000000', 'YYYY-MM-DD HH24:MI:SS.FF'), 'SEMESTRES', 9, 34);
insert into RESERVA (ID, INICIO, FIN, PERIODO_ARRENDAMIENTO, OFERTA, CLIENTE) values (32, TO_TIMESTAMP('2014-07-02 06:14:00.742000000', 'YYYY-MM-DD HH24:MI:SS.FF'), TO_TIMESTAMP('2014-08-10 18:14:00.742000000', 'YYYY-MM-DD HH24:MI:SS.FF'), 'DIAS', 28, 12);
insert into RESERVA (ID, INICIO, FIN, PERIODO_ARRENDAMIENTO, OFERTA, CLIENTE) values (33, TO_TIMESTAMP('2014-07-02 06:14:00.742000000', 'YYYY-MM-DD HH24:MI:SS.FF'), TO_TIMESTAMP('2014-08-10 18:14:00.742000000', 'YYYY-MM-DD HH24:MI:SS.FF'), 'SEMESTRES', 13, 5);
insert into RESERVA (ID, INICIO, FIN, PERIODO_ARRENDAMIENTO, OFERTA, CLIENTE) values (34, TO_TIMESTAMP('2014-07-02 06:14:00.742000000', 'YYYY-MM-DD HH24:MI:SS.FF'), TO_TIMESTAMP('2014-08-10 18:14:00.742000000', 'YYYY-MM-DD HH24:MI:SS.FF'), 'DIAS', 24, 39);
insert into RESERVA (ID, INICIO, FIN, PERIODO_ARRENDAMIENTO, OFERTA, CLIENTE) values (35, TO_TIMESTAMP('2014-07-02 06:14:00.742000000', 'YYYY-MM-DD HH24:MI:SS.FF'), TO_TIMESTAMP('2014-08-10 18:14:00.742000000', 'YYYY-MM-DD HH24:MI:SS.FF'), 'MESES', 14, 32);
insert into RESERVA (ID, INICIO, FIN, PERIODO_ARRENDAMIENTO, OFERTA, CLIENTE) values (36, TO_TIMESTAMP('2014-07-02 06:14:00.742000000', 'YYYY-MM-DD HH24:MI:SS.FF'), TO_TIMESTAMP('2014-08-10 18:14:00.742000000', 'YYYY-MM-DD HH24:MI:SS.FF'), 'SEMESTRES', 1, 15);
insert into RESERVA (ID, INICIO, FIN, PERIODO_ARRENDAMIENTO, OFERTA, CLIENTE) values (37, TO_TIMESTAMP('2014-07-02 06:14:00.742000000', 'YYYY-MM-DD HH24:MI:SS.FF'), TO_TIMESTAMP('2014-08-10 18:14:00.742000000', 'YYYY-MM-DD HH24:MI:SS.FF'), 'DIAS', 32, 6);
insert into RESERVA (ID, INICIO, FIN, PERIODO_ARRENDAMIENTO, OFERTA, CLIENTE) values (38, TO_TIMESTAMP('2014-07-02 06:14:00.742000000', 'YYYY-MM-DD HH24:MI:SS.FF'), TO_TIMESTAMP('2014-08-10 18:14:00.742000000', 'YYYY-MM-DD HH24:MI:SS.FF'), 'DIAS', 7, 26);
insert into RESERVA (ID, INICIO, FIN, PERIODO_ARRENDAMIENTO, OFERTA, CLIENTE) values (39, TO_TIMESTAMP('2014-07-02 06:14:00.742000000', 'YYYY-MM-DD HH24:MI:SS.FF'), TO_TIMESTAMP('2014-08-10 18:14:00.742000000', 'YYYY-MM-DD HH24:MI:SS.FF'), 'DIAS', 27, 29);
insert into RESERVA (ID, INICIO, FIN, PERIODO_ARRENDAMIENTO, OFERTA, CLIENTE) values (40, TO_TIMESTAMP('2014-07-02 06:14:00.742000000', 'YYYY-MM-DD HH24:MI:SS.FF'), TO_TIMESTAMP('2014-08-10 18:14:00.742000000', 'YYYY-MM-DD HH24:MI:SS.FF'), 'DIAS', 16, 12);
insert into RESERVA (ID, INICIO, FIN, PERIODO_ARRENDAMIENTO, OFERTA, CLIENTE) values (41, TO_TIMESTAMP('2014-07-02 06:14:00.742000000', 'YYYY-MM-DD HH24:MI:SS.FF'), TO_TIMESTAMP('2014-08-10 18:14:00.742000000', 'YYYY-MM-DD HH24:MI:SS.FF'), 'DIAS', 3, 27);
insert into RESERVA (ID, INICIO, FIN, PERIODO_ARRENDAMIENTO, OFERTA, CLIENTE) values (42, TO_TIMESTAMP('2014-07-02 06:14:00.742000000', 'YYYY-MM-DD HH24:MI:SS.FF'), TO_TIMESTAMP('2014-08-10 18:14:00.742000000', 'YYYY-MM-DD HH24:MI:SS.FF'), 'DIAS', 3, 10);
insert into RESERVA (ID, INICIO, FIN, PERIODO_ARRENDAMIENTO, OFERTA, CLIENTE) values (43, TO_TIMESTAMP('2014-07-02 06:14:00.742000000', 'YYYY-MM-DD HH24:MI:SS.FF'), TO_TIMESTAMP('2014-08-10 18:14:00.742000000', 'YYYY-MM-DD HH24:MI:SS.FF'), 'MESES', 7, 4);
insert into RESERVA (ID, INICIO, FIN, PERIODO_ARRENDAMIENTO, OFERTA, CLIENTE) values (44, TO_TIMESTAMP('2014-07-02 06:14:00.742000000', 'YYYY-MM-DD HH24:MI:SS.FF'), TO_TIMESTAMP('2014-08-10 18:14:00.742000000', 'YYYY-MM-DD HH24:MI:SS.FF'), 'DIAS', 28, 30);
insert into RESERVA (ID, INICIO, FIN, PERIODO_ARRENDAMIENTO, OFERTA, CLIENTE) values (45, TO_TIMESTAMP('2014-07-02 06:14:00.742000000', 'YYYY-MM-DD HH24:MI:SS.FF'), TO_TIMESTAMP('2014-08-10 18:14:00.742000000', 'YYYY-MM-DD HH24:MI:SS.FF'), 'SEMESTRES', 22, 3);
insert into RESERVA (ID, INICIO, FIN, PERIODO_ARRENDAMIENTO, OFERTA, CLIENTE) values (46, TO_TIMESTAMP('2014-07-02 06:14:00.742000000', 'YYYY-MM-DD HH24:MI:SS.FF'), TO_TIMESTAMP('2014-08-10 18:14:00.742000000', 'YYYY-MM-DD HH24:MI:SS.FF'), 'SEMESTRES', 6, 15);
insert into RESERVA (ID, INICIO, FIN, PERIODO_ARRENDAMIENTO, OFERTA, CLIENTE) values (47, TO_TIMESTAMP('2014-07-02 06:14:00.742000000', 'YYYY-MM-DD HH24:MI:SS.FF'), TO_TIMESTAMP('2014-08-10 18:14:00.742000000', 'YYYY-MM-DD HH24:MI:SS.FF'), 'MESES', 14, 31);
insert into RESERVA (ID, INICIO, FIN, PERIODO_ARRENDAMIENTO, OFERTA, CLIENTE) values (48, TO_TIMESTAMP('2014-07-02 06:14:00.742000000', 'YYYY-MM-DD HH24:MI:SS.FF'), TO_TIMESTAMP('2014-08-10 18:14:00.742000000', 'YYYY-MM-DD HH24:MI:SS.FF'), 'SEMESTRES', 2, 36);
insert into RESERVA (ID, INICIO, FIN, PERIODO_ARRENDAMIENTO, OFERTA, CLIENTE) values (49, TO_TIMESTAMP('2014-07-02 06:14:00.742000000', 'YYYY-MM-DD HH24:MI:SS.FF'), TO_TIMESTAMP('2014-08-10 18:14:00.742000000', 'YYYY-MM-DD HH24:MI:SS.FF'), 'SEMESTRES', 23, 17);
insert into RESERVA (ID, INICIO, FIN, PERIODO_ARRENDAMIENTO, OFERTA, CLIENTE) values (50, TO_TIMESTAMP('2014-07-02 06:14:00.742000000', 'YYYY-MM-DD HH24:MI:SS.FF'), TO_TIMESTAMP('2014-08-10 18:14:00.742000000', 'YYYY-MM-DD HH24:MI:SS.FF'), 'SEMESTRES', 17, 22);
insert into RESERVA (ID, INICIO, FIN, PERIODO_ARRENDAMIENTO, OFERTA, CLIENTE) values (51, TO_TIMESTAMP('2014-07-02 06:14:00.742000000', 'YYYY-MM-DD HH24:MI:SS.FF'), TO_TIMESTAMP('2014-08-10 18:14:00.742000000', 'YYYY-MM-DD HH24:MI:SS.FF'), 'DIAS', 25, 6);
insert into RESERVA (ID, INICIO, FIN, PERIODO_ARRENDAMIENTO, OFERTA, CLIENTE) values (52, TO_TIMESTAMP('2014-07-02 06:14:00.742000000', 'YYYY-MM-DD HH24:MI:SS.FF'), TO_TIMESTAMP('2014-08-10 18:14:00.742000000', 'YYYY-MM-DD HH24:MI:SS.FF'), 'MESES', 15, 16);
insert into RESERVA (ID, INICIO, FIN, PERIODO_ARRENDAMIENTO, OFERTA, CLIENTE) values (53, TO_TIMESTAMP('2014-07-02 06:14:00.742000000', 'YYYY-MM-DD HH24:MI:SS.FF'), TO_TIMESTAMP('2014-08-10 18:14:00.742000000', 'YYYY-MM-DD HH24:MI:SS.FF'), 'SEMESTRES', 34, 8);
insert into RESERVA (ID, INICIO, FIN, PERIODO_ARRENDAMIENTO, OFERTA, CLIENTE) values (54, TO_TIMESTAMP('2014-07-02 06:14:00.742000000', 'YYYY-MM-DD HH24:MI:SS.FF'), TO_TIMESTAMP('2014-08-10 18:14:00.742000000', 'YYYY-MM-DD HH24:MI:SS.FF'), 'SEMESTRES', 24, 30);
insert into RESERVA (ID, INICIO, FIN, PERIODO_ARRENDAMIENTO, OFERTA, CLIENTE) values (55, TO_TIMESTAMP('2014-07-02 06:14:00.742000000', 'YYYY-MM-DD HH24:MI:SS.FF'), TO_TIMESTAMP('2014-08-10 18:14:00.742000000', 'YYYY-MM-DD HH24:MI:SS.FF'), 'SEMESTRES', 9, 6);
insert into RESERVA (ID, INICIO, FIN, PERIODO_ARRENDAMIENTO, OFERTA, CLIENTE) values (56, TO_TIMESTAMP('2014-07-02 06:14:00.742000000', 'YYYY-MM-DD HH24:MI:SS.FF'), TO_TIMESTAMP('2014-08-10 18:14:00.742000000', 'YYYY-MM-DD HH24:MI:SS.FF'), 'SEMESTRES', 7, 19);
insert into RESERVA (ID, INICIO, FIN, PERIODO_ARRENDAMIENTO, OFERTA, CLIENTE) values (57, TO_TIMESTAMP('2014-07-02 06:14:00.742000000', 'YYYY-MM-DD HH24:MI:SS.FF'), TO_TIMESTAMP('2014-08-10 18:14:00.742000000', 'YYYY-MM-DD HH24:MI:SS.FF'), 'SEMESTRES', 6, 18);
insert into RESERVA (ID, INICIO, FIN, PERIODO_ARRENDAMIENTO, OFERTA, CLIENTE) values (58, TO_TIMESTAMP('2014-07-02 06:14:00.742000000', 'YYYY-MM-DD HH24:MI:SS.FF'), TO_TIMESTAMP('2014-08-10 18:14:00.742000000', 'YYYY-MM-DD HH24:MI:SS.FF'), 'SEMESTRES', 30, 6);
insert into RESERVA (ID, INICIO, FIN, PERIODO_ARRENDAMIENTO, OFERTA, CLIENTE) values (59, TO_TIMESTAMP('2014-07-02 06:14:00.742000000', 'YYYY-MM-DD HH24:MI:SS.FF'), TO_TIMESTAMP('2014-08-10 18:14:00.742000000', 'YYYY-MM-DD HH24:MI:SS.FF'), 'SEMESTRES', 26, 34);
insert into RESERVA (ID, INICIO, FIN, PERIODO_ARRENDAMIENTO, OFERTA, CLIENTE) values (60, TO_TIMESTAMP('2014-07-02 06:14:00.742000000', 'YYYY-MM-DD HH24:MI:SS.FF'), TO_TIMESTAMP('2014-08-10 18:14:00.742000000', 'YYYY-MM-DD HH24:MI:SS.FF'), 'SEMESTRES', 7, 24);
insert into RESERVA (ID, INICIO, FIN, PERIODO_ARRENDAMIENTO, OFERTA, CLIENTE) values (61, TO_TIMESTAMP('2014-07-02 06:14:00.742000000', 'YYYY-MM-DD HH24:MI:SS.FF'), TO_TIMESTAMP('2014-08-10 18:14:00.742000000', 'YYYY-MM-DD HH24:MI:SS.FF'), 'SEMESTRES', 18, 22);
insert into RESERVA (ID, INICIO, FIN, PERIODO_ARRENDAMIENTO, OFERTA, CLIENTE) values (62, TO_TIMESTAMP('2014-07-02 06:14:00.742000000', 'YYYY-MM-DD HH24:MI:SS.FF'), TO_TIMESTAMP('2014-08-10 18:14:00.742000000', 'YYYY-MM-DD HH24:MI:SS.FF'), 'SEMESTRES', 5, 22);
insert into RESERVA (ID, INICIO, FIN, PERIODO_ARRENDAMIENTO, OFERTA, CLIENTE) values (63, TO_TIMESTAMP('2014-07-02 06:14:00.742000000', 'YYYY-MM-DD HH24:MI:SS.FF'), TO_TIMESTAMP('2014-08-10 18:14:00.742000000', 'YYYY-MM-DD HH24:MI:SS.FF'), 'SEMESTRES', 26, 23);
insert into RESERVA (ID, INICIO, FIN, PERIODO_ARRENDAMIENTO, OFERTA, CLIENTE) values (64, TO_TIMESTAMP('2014-07-02 06:14:00.742000000', 'YYYY-MM-DD HH24:MI:SS.FF'), TO_TIMESTAMP('2014-08-10 18:14:00.742000000', 'YYYY-MM-DD HH24:MI:SS.FF'), 'MESES', 28, 19);
insert into RESERVA (ID, INICIO, FIN, PERIODO_ARRENDAMIENTO, OFERTA, CLIENTE) values (65, TO_TIMESTAMP('2014-07-02 06:14:00.742000000', 'YYYY-MM-DD HH24:MI:SS.FF'), TO_TIMESTAMP('2014-08-10 18:14:00.742000000', 'YYYY-MM-DD HH24:MI:SS.FF'), 'SEMESTRES', 33, 24);
insert into RESERVA (ID, INICIO, FIN, PERIODO_ARRENDAMIENTO, OFERTA, CLIENTE) values (66, TO_TIMESTAMP('2014-07-02 06:14:00.742000000', 'YYYY-MM-DD HH24:MI:SS.FF'), TO_TIMESTAMP('2014-08-10 18:14:00.742000000', 'YYYY-MM-DD HH24:MI:SS.FF'), 'SEMESTRES', 32, 11);
insert into RESERVA (ID, INICIO, FIN, PERIODO_ARRENDAMIENTO, OFERTA, CLIENTE) values (67, TO_TIMESTAMP('2014-07-02 06:14:00.742000000', 'YYYY-MM-DD HH24:MI:SS.FF'), TO_TIMESTAMP('2014-08-10 18:14:00.742000000', 'YYYY-MM-DD HH24:MI:SS.FF'), 'SEMESTRES', 19, 5);
insert into RESERVA (ID, INICIO, FIN, PERIODO_ARRENDAMIENTO, OFERTA, CLIENTE) values (68, TO_TIMESTAMP('2014-07-02 06:14:00.742000000', 'YYYY-MM-DD HH24:MI:SS.FF'), TO_TIMESTAMP('2014-08-10 18:14:00.742000000', 'YYYY-MM-DD HH24:MI:SS.FF'), 'DIAS', 13, 8);
insert into RESERVA (ID, INICIO, FIN, PERIODO_ARRENDAMIENTO, OFERTA, CLIENTE) values (69, TO_TIMESTAMP('2014-07-02 06:14:00.742000000', 'YYYY-MM-DD HH24:MI:SS.FF'), TO_TIMESTAMP('2014-08-10 18:14:00.742000000', 'YYYY-MM-DD HH24:MI:SS.FF'), 'SEMESTRES', 7, 26);
insert into RESERVA (ID, INICIO, FIN, PERIODO_ARRENDAMIENTO, OFERTA, CLIENTE) values (70, TO_TIMESTAMP('2014-07-02 06:14:00.742000000', 'YYYY-MM-DD HH24:MI:SS.FF'), TO_TIMESTAMP('2014-08-10 18:14:00.742000000', 'YYYY-MM-DD HH24:MI:SS.FF'), 'MESES', 18, 3);
insert into RESERVA (ID, INICIO, FIN, PERIODO_ARRENDAMIENTO, OFERTA, CLIENTE) values (71, TO_TIMESTAMP('2014-07-02 06:14:00.742000000', 'YYYY-MM-DD HH24:MI:SS.FF'), TO_TIMESTAMP('2014-08-10 18:14:00.742000000', 'YYYY-MM-DD HH24:MI:SS.FF'), 'MESES', 15, 26);
insert into RESERVA (ID, INICIO, FIN, PERIODO_ARRENDAMIENTO, OFERTA, CLIENTE) values (72, TO_TIMESTAMP('2014-07-02 06:14:00.742000000', 'YYYY-MM-DD HH24:MI:SS.FF'), TO_TIMESTAMP('2014-08-10 18:14:00.742000000', 'YYYY-MM-DD HH24:MI:SS.FF'), 'MESES', 10, 30);
insert into RESERVA (ID, INICIO, FIN, PERIODO_ARRENDAMIENTO, OFERTA, CLIENTE) values (73, TO_TIMESTAMP('2014-07-02 06:14:00.742000000', 'YYYY-MM-DD HH24:MI:SS.FF'), TO_TIMESTAMP('2014-08-10 18:14:00.742000000', 'YYYY-MM-DD HH24:MI:SS.FF'), 'SEMESTRES', 34, 40);
insert into RESERVA (ID, INICIO, FIN, PERIODO_ARRENDAMIENTO, OFERTA, CLIENTE) values (74, TO_TIMESTAMP('2014-07-02 06:14:00.742000000', 'YYYY-MM-DD HH24:MI:SS.FF'), TO_TIMESTAMP('2014-08-10 18:14:00.742000000', 'YYYY-MM-DD HH24:MI:SS.FF'), 'MESES', 32, 14);
insert into RESERVA (ID, INICIO, FIN, PERIODO_ARRENDAMIENTO, OFERTA, CLIENTE) values (75, TO_TIMESTAMP('2014-07-02 06:14:00.742000000', 'YYYY-MM-DD HH24:MI:SS.FF'), TO_TIMESTAMP('2014-08-10 18:14:00.742000000', 'YYYY-MM-DD HH24:MI:SS.FF'), 'SEMESTRES', 13, 19);
insert into RESERVA (ID, INICIO, FIN, PERIODO_ARRENDAMIENTO, OFERTA, CLIENTE) values (76, TO_TIMESTAMP('2014-07-02 06:14:00.742000000', 'YYYY-MM-DD HH24:MI:SS.FF'), TO_TIMESTAMP('2014-08-10 18:14:00.742000000', 'YYYY-MM-DD HH24:MI:SS.FF'), 'SEMESTRES', 35, 10);
insert into RESERVA (ID, INICIO, FIN, PERIODO_ARRENDAMIENTO, OFERTA, CLIENTE) values (77, TO_TIMESTAMP('2014-07-02 06:14:00.742000000', 'YYYY-MM-DD HH24:MI:SS.FF'), TO_TIMESTAMP('2014-08-10 18:14:00.742000000', 'YYYY-MM-DD HH24:MI:SS.FF'), 'DIAS', 19, 40);
insert into RESERVA (ID, INICIO, FIN, PERIODO_ARRENDAMIENTO, OFERTA, CLIENTE) values (78, TO_TIMESTAMP('2014-07-02 06:14:00.742000000', 'YYYY-MM-DD HH24:MI:SS.FF'), TO_TIMESTAMP('2014-08-10 18:14:00.742000000', 'YYYY-MM-DD HH24:MI:SS.FF'), 'DIAS', 7, 17);
insert into RESERVA (ID, INICIO, FIN, PERIODO_ARRENDAMIENTO, OFERTA, CLIENTE) values (79, TO_TIMESTAMP('2014-07-02 06:14:00.742000000', 'YYYY-MM-DD HH24:MI:SS.FF'), TO_TIMESTAMP('2014-08-10 18:14:00.742000000', 'YYYY-MM-DD HH24:MI:SS.FF'), 'SEMESTRES', 29, 23);
insert into RESERVA (ID, INICIO, FIN, PERIODO_ARRENDAMIENTO, OFERTA, CLIENTE) values (80, TO_TIMESTAMP('2014-07-02 06:14:00.742000000', 'YYYY-MM-DD HH24:MI:SS.FF'), TO_TIMESTAMP('2014-08-10 18:14:00.742000000', 'YYYY-MM-DD HH24:MI:SS.FF'), 'SEMESTRES', 37, 40);
