


---datos de los servicios
insert into SERVICIO (id, NOMBRE, COSTO) values (1, 'Piscina', 93);
insert into SERVICIO (id, NOMBRE, COSTO) values (2, 'Television', 7);
insert into SERVICIO (id, NOMBRE, COSTO) values (3, 'Tennis de mesa', 94);
insert into SERVICIO (id, NOMBRE, COSTO) values (4, 'Canchas multideporte', 57);
insert into SERVICIO (id, NOMBRE, COSTO) values (5, 'Cocina', 91);
insert into SERVICIO (id, NOMBRE, COSTO) values (6, 'Cocineta', 61);
insert into SERVICIO (id, NOMBRE, COSTO) values (7, 'servicio a la habitacion', 86);
insert into SERVICIO (id, NOMBRE, COSTO) values (8, 'Energia', 60);
insert into SERVICIO (id, NOMBRE, COSTO) values (9, 'Agua', 89);
insert into SERVICIO (id, NOMBRE, COSTO) values (10, 'Gas', 10);

--- datos de las viviendas
insert into VIVIENDA (id, DIRECCION, CUPOS, OPERADOR) values (1, '63948 Vahlen Hill', 5, 1);
insert into VIVIENDA (id, DIRECCION, CUPOS, OPERADOR) values (2, '16182 Vernon Avenue', 3, 2);
insert into VIVIENDA (id, DIRECCION, CUPOS, OPERADOR) values (3, '8911 Cordelia Court', 4, 3);
insert into VIVIENDA (id, DIRECCION, CUPOS, OPERADOR) values (4, '6929 Autumn Leaf Junction', 4, 4);
insert into VIVIENDA (id, DIRECCION, CUPOS, OPERADOR) values (5, '65868 Cardinal Hill', 4, 5);
insert into VIVIENDA (id, DIRECCION, CUPOS, OPERADOR) values (6, '7 Prairieview Junction', 4, 6);
insert into VIVIENDA (id, DIRECCION, CUPOS, OPERADOR) values (7, '518 Meadow Valley Point', 4, 7);
insert into VIVIENDA (id, DIRECCION, CUPOS, OPERADOR) values (8, '12 Manley Park', 3, 8);
insert into VIVIENDA (id, DIRECCION, CUPOS, OPERADOR) values (9, '884 Springs Park', 3, 9);
insert into VIVIENDA (id, DIRECCION, CUPOS, OPERADOR) values (10, '51662 Red Cloud Road', 5, 10);

---TO_TIMESTAMP('2014-07-02 06:14:00.742000000', 'YYYY-MM-DD HH24:MI:SS.FF'), TO_TIMESTAMP('2014-07-02 18:14:00.742000000', 'YYYY-MM-DD HH24:MI:SS.FF')
--- datos de las ofertas
insert into OFERTA (id, PRECIO, PERIODO, VIVIENDA, FECHAINICIO, FECHAFIN) values (1, 1, 'MESES', 1, TO_TIMESTAMP('2014-07-01 06:14:00.742000000', 'YYYY-MM-DD HH24:MI:SS.FF'), TO_TIMESTAMP('2014-07-02 18:14:00.742000000', 'YYYY-MM-DD HH24:MI:SS.FF'));
insert into OFERTA (id, PRECIO, PERIODO, VIVIENDA, FECHAINICIO, FECHAFIN) values (2, 2, 'SEMESTRES', 1, TO_TIMESTAMP('2014-07-02 06:14:00.742000000', 'YYYY-MM-DD HH24:MI:SS.FF'), TO_TIMESTAMP('2014-07-03 18:14:00.742000000', 'YYYY-MM-DD HH24:MI:SS.FF'));
insert into OFERTA (id, PRECIO, PERIODO, VIVIENDA, FECHAINICIO, FECHAFIN) values (3, 3, 'SEMESTRES', 1,TO_TIMESTAMP('2014-07-02 06:14:00.742000000', 'YYYY-MM-DD HH24:MI:SS.FF'), TO_TIMESTAMP('2014-07-04 18:14:00.742000000', 'YYYY-MM-DD HH24:MI:SS.FF'));
insert into OFERTA (id, PRECIO, PERIODO, VIVIENDA, FECHAINICIO, FECHAFIN) values (4, 4, 'SEMESTRES', 1, TO_TIMESTAMP('2014-07-02 06:14:00.742000000', 'YYYY-MM-DD HH24:MI:SS.FF'), TO_TIMESTAMP('2014-07-05 18:14:00.742000000', 'YYYY-MM-DD HH24:MI:SS.FF'));
insert into OFERTA (id, PRECIO, PERIODO, VIVIENDA, FECHAINICIO, FECHAFIN) values (5, 5, 'SEMESTRES', 2, TO_TIMESTAMP('2014-07-02 06:14:00.742000000', 'YYYY-MM-DD HH24:MI:SS.FF'), TO_TIMESTAMP('2014-07-06 18:14:00.742000000', 'YYYY-MM-DD HH24:MI:SS.FF'));
insert into OFERTA (id, PRECIO, PERIODO, VIVIENDA, FECHAINICIO, FECHAFIN) values (6, 6, 'DIAS', 2, TO_TIMESTAMP('2014-07-02 06:14:00.742000000', 'YYYY-MM-DD HH24:MI:SS.FF'), TO_TIMESTAMP('2014-07-07 18:14:00.742000000', 'YYYY-MM-DD HH24:MI:SS.FF'));
insert into OFERTA (id, PRECIO, PERIODO, VIVIENDA, FECHAINICIO, FECHAFIN) values (7, 7, 'SEMESTRES', 2, TO_TIMESTAMP('2014-07-02 06:14:00.742000000', 'YYYY-MM-DD HH24:MI:SS.FF'), TO_TIMESTAMP('2014-07-08 18:14:00.742000000', 'YYYY-MM-DD HH24:MI:SS.FF'));
insert into OFERTA (id, PRECIO, PERIODO, VIVIENDA, FECHAINICIO, FECHAFIN) values (8, 8, 'SEMESTRES', 2, TO_TIMESTAMP('2014-07-02 06:14:00.742000000', 'YYYY-MM-DD HH24:MI:SS.FF'), TO_TIMESTAMP('2014-07-09 18:14:00.742000000', 'YYYY-MM-DD HH24:MI:SS.FF'));
insert into OFERTA (id, PRECIO, PERIODO, VIVIENDA, FECHAINICIO, FECHAFIN) values (9, 9, 'MESES', 2, TO_TIMESTAMP('2014-07-02 06:14:00.742000000', 'YYYY-MM-DD HH24:MI:SS.FF'), TO_TIMESTAMP('2014-07-10 18:14:00.742000000', 'YYYY-MM-DD HH24:MI:SS.FF'));
insert into OFERTA (id, PRECIO, PERIODO, VIVIENDA, FECHAINICIO, FECHAFIN) values (10, 10, 'DIAS', 3, TO_TIMESTAMP('2014-07-02 06:14:00.742000000', 'YYYY-MM-DD HH24:MI:SS.FF'), TO_TIMESTAMP('2014-07-11 18:14:00.742000000', 'YYYY-MM-DD HH24:MI:SS.FF'));
insert into OFERTA (id, PRECIO, PERIODO, VIVIENDA, FECHAINICIO, FECHAFIN) values (11, 11, 'SEMESTRES', 3, TO_TIMESTAMP('2014-07-02 06:14:00.742000000', 'YYYY-MM-DD HH24:MI:SS.FF'), TO_TIMESTAMP('2014-07-12 18:14:00.742000000', 'YYYY-MM-DD HH24:MI:SS.FF'));
insert into OFERTA (id, PRECIO, PERIODO, VIVIENDA, FECHAINICIO, FECHAFIN) values (12, 12, 'SEMESTRES', 3, TO_TIMESTAMP('2014-07-02 06:14:00.742000000', 'YYYY-MM-DD HH24:MI:SS.FF'), TO_TIMESTAMP('2014-07-13 18:14:00.742000000', 'YYYY-MM-DD HH24:MI:SS.FF'));
insert into OFERTA (id, PRECIO, PERIODO, VIVIENDA, FECHAINICIO, FECHAFIN) values (13, 13, 'SEMESTRES', 3, TO_TIMESTAMP('2014-07-02 06:14:00.742000000', 'YYYY-MM-DD HH24:MI:SS.FF'), TO_TIMESTAMP('2014-07-14 18:14:00.742000000', 'YYYY-MM-DD HH24:MI:SS.FF'));
insert into OFERTA (id, PRECIO, PERIODO, VIVIENDA, FECHAINICIO, FECHAFIN) values (14, 14, 'DIAS', 4, TO_TIMESTAMP('2014-07-02 06:14:00.742000000', 'YYYY-MM-DD HH24:MI:SS.FF'), TO_TIMESTAMP('2014-07-15 18:14:00.742000000', 'YYYY-MM-DD HH24:MI:SS.FF'));
insert into OFERTA (id, PRECIO, PERIODO, VIVIENDA, FECHAINICIO, FECHAFIN) values (15, 15, 'MESES', 4, TO_TIMESTAMP('2014-07-02 06:14:00.742000000', 'YYYY-MM-DD HH24:MI:SS.FF'), TO_TIMESTAMP('2014-07-16 18:14:00.742000000', 'YYYY-MM-DD HH24:MI:SS.FF'));
insert into OFERTA (id, PRECIO, PERIODO, VIVIENDA, FECHAINICIO, FECHAFIN) values (16, 16, 'SEMESTRES', 4, TO_TIMESTAMP('2014-07-02 06:14:00.742000000', 'YYYY-MM-DD HH24:MI:SS.FF'), TO_TIMESTAMP('2014-07-17 18:14:00.742000000', 'YYYY-MM-DD HH24:MI:SS.FF'));
insert into OFERTA (id, PRECIO, PERIODO, VIVIENDA, FECHAINICIO, FECHAFIN) values (17, 17, 'DIAS', 4, TO_TIMESTAMP('2014-07-02 06:14:00.742000000', 'YYYY-MM-DD HH24:MI:SS.FF'), TO_TIMESTAMP('2014-07-18 18:14:00.742000000', 'YYYY-MM-DD HH24:MI:SS.FF'));
insert into OFERTA (id, PRECIO, PERIODO, VIVIENDA, FECHAINICIO, FECHAFIN) values (18, 18, 'SEMESTRES', 5, TO_TIMESTAMP('2014-07-02 06:14:00.742000000', 'YYYY-MM-DD HH24:MI:SS.FF'), TO_TIMESTAMP('2014-07-19 18:14:00.742000000', 'YYYY-MM-DD HH24:MI:SS.FF'));
insert into OFERTA (id, PRECIO, PERIODO, VIVIENDA, FECHAINICIO, FECHAFIN) values (19, 19, 'SEMESTRES', 5, TO_TIMESTAMP('2014-07-02 06:14:00.742000000', 'YYYY-MM-DD HH24:MI:SS.FF'), TO_TIMESTAMP('2014-07-20 18:14:00.742000000', 'YYYY-MM-DD HH24:MI:SS.FF'));
insert into OFERTA (id, PRECIO, PERIODO, VIVIENDA, FECHAINICIO, FECHAFIN) values (20, 20, 'SEMESTRES', 5, TO_TIMESTAMP('2014-07-02 06:14:00.742000000', 'YYYY-MM-DD HH24:MI:SS.FF'), TO_TIMESTAMP('2014-07-21 18:14:00.742000000', 'YYYY-MM-DD HH24:MI:SS.FF'));
insert into OFERTA (id, PRECIO, PERIODO, VIVIENDA, FECHAINICIO, FECHAFIN) values (21, 21, 'SEMESTRES', 5, TO_TIMESTAMP('2014-07-02 06:14:00.742000000', 'YYYY-MM-DD HH24:MI:SS.FF'), TO_TIMESTAMP('2014-07-22 18:14:00.742000000', 'YYYY-MM-DD HH24:MI:SS.FF'));
insert into OFERTA (id, PRECIO, PERIODO, VIVIENDA, FECHAINICIO, FECHAFIN) values (22, 22, 'SEMESTRES', 6, TO_TIMESTAMP('2014-07-02 06:14:00.742000000', 'YYYY-MM-DD HH24:MI:SS.FF'), TO_TIMESTAMP('2014-07-23 18:14:00.742000000', 'YYYY-MM-DD HH24:MI:SS.FF'));
insert into OFERTA (id, PRECIO, PERIODO, VIVIENDA, FECHAINICIO, FECHAFIN) values (23, 23, 'SEMESTRES', 6, TO_TIMESTAMP('2014-07-02 06:14:00.742000000', 'YYYY-MM-DD HH24:MI:SS.FF'), TO_TIMESTAMP('2014-07-24 18:14:00.742000000', 'YYYY-MM-DD HH24:MI:SS.FF'));
insert into OFERTA (id, PRECIO, PERIODO, VIVIENDA, FECHAINICIO, FECHAFIN) values (24, 24, 'MESES', 6, TO_TIMESTAMP('2014-07-02 06:14:00.742000000', 'YYYY-MM-DD HH24:MI:SS.FF'), TO_TIMESTAMP('2014-07-25 18:14:00.742000000', 'YYYY-MM-DD HH24:MI:SS.FF'));
insert into OFERTA (id, PRECIO, PERIODO, VIVIENDA, FECHAINICIO, FECHAFIN) values (25, 25, 'MESES', 6, TO_TIMESTAMP('2014-07-02 06:14:00.742000000', 'YYYY-MM-DD HH24:MI:SS.FF'), TO_TIMESTAMP('2014-07-26 18:14:00.742000000', 'YYYY-MM-DD HH24:MI:SS.FF'));
insert into OFERTA (id, PRECIO, PERIODO, VIVIENDA, FECHAINICIO, FECHAFIN) values (26, 26, 'SEMESTRES', 7, TO_TIMESTAMP('2014-07-02 06:14:00.742000000', 'YYYY-MM-DD HH24:MI:SS.FF'), TO_TIMESTAMP('2014-07-27 18:14:00.742000000', 'YYYY-MM-DD HH24:MI:SS.FF'));
insert into OFERTA (id, PRECIO, PERIODO, VIVIENDA, FECHAINICIO, FECHAFIN) values (27, 27, 'SEMESTRES', 7, TO_TIMESTAMP('2014-07-02 06:14:00.742000000', 'YYYY-MM-DD HH24:MI:SS.FF'), TO_TIMESTAMP('2014-07-28 18:14:00.742000000', 'YYYY-MM-DD HH24:MI:SS.FF'));
insert into OFERTA (id, PRECIO, PERIODO, VIVIENDA, FECHAINICIO, FECHAFIN) values (28, 28, 'SEMESTRES', 7, TO_TIMESTAMP('2014-07-02 06:14:00.742000000', 'YYYY-MM-DD HH24:MI:SS.FF'), TO_TIMESTAMP('2014-07-29 18:14:00.742000000', 'YYYY-MM-DD HH24:MI:SS.FF'));
insert into OFERTA (id, PRECIO, PERIODO, VIVIENDA, FECHAINICIO, FECHAFIN) values (29, 29, 'MESES', 7, TO_TIMESTAMP('2014-07-02 06:14:00.742000000', 'YYYY-MM-DD HH24:MI:SS.FF'), TO_TIMESTAMP('2014-07-30 18:14:00.742000000', 'YYYY-MM-DD HH24:MI:SS.FF'));
insert into OFERTA (id, PRECIO, PERIODO, VIVIENDA, FECHAINICIO, FECHAFIN) values (30, 30, 'MESES', 8, TO_TIMESTAMP('2014-07-02 06:14:00.742000000', 'YYYY-MM-DD HH24:MI:SS.FF'), TO_TIMESTAMP('2014-07-31 18:14:00.742000000', 'YYYY-MM-DD HH24:MI:SS.FF'));
insert into OFERTA (id, PRECIO, PERIODO, VIVIENDA, FECHAINICIO, FECHAFIN) values (31, 31, 'DIAS', 8, TO_TIMESTAMP('2014-07-02 06:14:00.742000000', 'YYYY-MM-DD HH24:MI:SS.FF'), TO_TIMESTAMP('2014-08-01 18:14:00.742000000', 'YYYY-MM-DD HH24:MI:SS.FF'));
insert into OFERTA (id, PRECIO, PERIODO, VIVIENDA, FECHAINICIO, FECHAFIN) values (32, 32, 'SEMESTRES', 8, TO_TIMESTAMP('2014-07-02 06:14:00.742000000', 'YYYY-MM-DD HH24:MI:SS.FF'), TO_TIMESTAMP('2014-08-02 18:14:00.742000000', 'YYYY-MM-DD HH24:MI:SS.FF'));
insert into OFERTA (id, PRECIO, PERIODO, VIVIENDA, FECHAINICIO, FECHAFIN) values (33, 33, 'SEMESTRES', 8, TO_TIMESTAMP('2014-07-02 06:14:00.742000000', 'YYYY-MM-DD HH24:MI:SS.FF'), TO_TIMESTAMP('2014-08-03 18:14:00.742000000', 'YYYY-MM-DD HH24:MI:SS.FF'));
insert into OFERTA (id, PRECIO, PERIODO, VIVIENDA, FECHAINICIO, FECHAFIN) values (34, 34, 'MESES', 9, TO_TIMESTAMP('2014-07-02 06:14:00.742000000', 'YYYY-MM-DD HH24:MI:SS.FF'), TO_TIMESTAMP('2014-08-04 18:14:00.742000000', 'YYYY-MM-DD HH24:MI:SS.FF'));
insert into OFERTA (id, PRECIO, PERIODO, VIVIENDA, FECHAINICIO, FECHAFIN) values (35, 35, 'SEMESTRES', 9, TO_TIMESTAMP('2014-07-02 06:14:00.742000000', 'YYYY-MM-DD HH24:MI:SS.FF'), TO_TIMESTAMP('2014-08-05 18:14:00.742000000', 'YYYY-MM-DD HH24:MI:SS.FF'));
insert into OFERTA (id, PRECIO, PERIODO, VIVIENDA, FECHAINICIO, FECHAFIN) values (36, 36, 'MESES', 9, TO_TIMESTAMP('2014-07-02 06:14:00.742000000', 'YYYY-MM-DD HH24:MI:SS.FF'), TO_TIMESTAMP('2014-08-06 18:14:00.742000000', 'YYYY-MM-DD HH24:MI:SS.FF'));
insert into OFERTA (id, PRECIO, PERIODO, VIVIENDA, FECHAINICIO, FECHAFIN) values (37, 37, 'SEMESTRES', 9, TO_TIMESTAMP('2014-07-02 06:14:00.742000000', 'YYYY-MM-DD HH24:MI:SS.FF'), TO_TIMESTAMP('2014-08-07 18:14:00.742000000', 'YYYY-MM-DD HH24:MI:SS.FF'));
insert into OFERTA (id, PRECIO, PERIODO, VIVIENDA, FECHAINICIO, FECHAFIN) values (38, 38, 'SEMESTRES', 10, TO_TIMESTAMP('2014-07-02 06:14:00.742000000', 'YYYY-MM-DD HH24:MI:SS.FF'), TO_TIMESTAMP('2014-08-08 18:14:00.742000000', 'YYYY-MM-DD HH24:MI:SS.FF'));
insert into OFERTA (id, PRECIO, PERIODO, VIVIENDA, FECHAINICIO, FECHAFIN) values (39, 39, 'SEMESTRES', 10, TO_TIMESTAMP('2014-07-02 06:14:00.742000000', 'YYYY-MM-DD HH24:MI:SS.FF'), TO_TIMESTAMP('2014-08-09 18:14:00.742000000', 'YYYY-MM-DD HH24:MI:SS.FF'));
insert into OFERTA (id, PRECIO, PERIODO, VIVIENDA, FECHAINICIO, FECHAFIN) values (40, 40, 'SEMESTRES', 10, TO_TIMESTAMP('2014-07-02 06:14:00.742000000', 'YYYY-MM-DD HH24:MI:SS.FF'), TO_TIMESTAMP('2014-08-10 18:14:00.742000000', 'YYYY-MM-DD HH24:MI:SS.FF'));

--- datos de incluye
insert into INCLUYE (OFERTA, SERVICIO, INCLUIDO) values (35, 10, 1);
insert into INCLUYE (OFERTA, SERVICIO, INCLUIDO) values (32, 2, 0);
insert into INCLUYE (OFERTA, SERVICIO, INCLUIDO) values (25, 1, 1);
insert into INCLUYE (OFERTA, SERVICIO, INCLUIDO) values (40, 6, 0);
insert into INCLUYE (OFERTA, SERVICIO, INCLUIDO) values (27, 10, 0);
insert into INCLUYE (OFERTA, SERVICIO, INCLUIDO) values (35, 3, 1);
insert into INCLUYE (OFERTA, SERVICIO, INCLUIDO) values (15, 3, 0);
insert into INCLUYE (OFERTA, SERVICIO, INCLUIDO) values (15, 4, 0);
insert into INCLUYE (OFERTA, SERVICIO, INCLUIDO) values (23, 2, 0);
insert into INCLUYE (OFERTA, SERVICIO, INCLUIDO) values (16, 6, 1);
insert into INCLUYE (OFERTA, SERVICIO, INCLUIDO) values (1, 9, 1);
insert into INCLUYE (OFERTA, SERVICIO, INCLUIDO) values (31, 8, 1);

--- datos de habitaciones
insert into HABITACION (ID, TIPO_HABITACION, CATEGORIA, NUMERO) values (1, 'SUITE', 'ukbvrccraawfvw', 2);
insert into HABITACION (ID, TIPO_HABITACION, CATEGORIA, NUMERO) values (2, 'SEMISUITE', 'znxwypukzznnzr', 4);
insert into HABITACION (ID, TIPO_HABITACION, CATEGORIA, NUMERO) values (3, 'SUITE', 'qqemolelepggbn', 1);

--- datos de los seguro
insert into SEGURO (ID, EMPRESA, MONTO, INICIO_SEGURO, FIN_SEGURO) values (1, 'Meetz', 565, TO_TIMESTAMP('2014-07-02 06:14:00.742000000', 'YYYY-MM-DD HH24:MI:SS.FF'), TO_TIMESTAMP('2014-08-10 18:14:00.742000000', 'YYYY-MM-DD HH24:MI:SS.FF'));

--- datos de esporadico
insert into ESPORADICO (ID, AREA, AMOBLADO, NUMERO_HABITACIONES, NOCHES_ANIO, SEGURO) values (4, 7, 1, 4, 4, 1);

--- datos de cuartos
insert into CUARTO (ID, BANIO_PRIVADO, CUARTO_PRIVADO, ESQUEMA, MENAJE) values (5, 1, 0, 'ukhxnxcd', 'pqvwzpom');
insert into CUARTO (ID, BANIO_PRIVADO, CUARTO_PRIVADO, ESQUEMA, MENAJE) values (6, 0, 1, 'uryussls', 'wnygktrm');
insert into CUARTO (ID, BANIO_PRIVADO, CUARTO_PRIVADO, ESQUEMA, MENAJE) values (7, 1, 0, 'gmzbfvdx', 'vngxauwg');

--- datos de apartamentos
insert into APARTAMENTO (ID, AREA, AMOBLADO, NUMERO_HABITACIONES) values (8, 70, 1, 4);
insert into APARTAMENTO (ID, AREA, AMOBLADO, NUMERO_HABITACIONES) values (9, 50, 0, 1);
insert into APARTAMENTO (ID, AREA, AMOBLADO, NUMERO_HABITACIONES) values (10, 15, 0, 2);

--- datos de reservas
insert into RESERVA (ID, INICIO, FIN, PERIODO_ARRENDAMIENTO, OFERTA, CLIENTE) values (1, TO_TIMESTAMP('2014-07-02 06:14:00.742000000', 'YYYY-MM-DD HH24:MI:SS.FF'), TO_TIMESTAMP('2014-08-10 18:14:00.742000000', 'YYYY-MM-DD HH24:MI:SS.FF'), 'SEMESTRES', 24, 38);
insert into RESERVA (ID, INICIO, FIN, PERIODO_ARRENDAMIENTO, OFERTA, CLIENTE) values (2, TO_TIMESTAMP('2014-07-02 06:14:00.742000000', 'YYYY-MM-DD HH24:MI:SS.FF'), TO_TIMESTAMP('2014-08-10 18:14:00.742000000', 'YYYY-MM-DD HH24:MI:SS.FF'), 'SEMESTRES', 16, 36);
insert into RESERVA (ID, INICIO, FIN, PERIODO_ARRENDAMIENTO, OFERTA, CLIENTE) values (3, TO_TIMESTAMP('2014-07-02 06:14:00.742000000', 'YYYY-MM-DD HH24:MI:SS.FF'), TO_TIMESTAMP('2014-08-10 18:14:00.742000000', 'YYYY-MM-DD HH24:MI:SS.FF'), 'SEMESTRES', 5, 23);
insert into RESERVA (ID, INICIO, FIN, PERIODO_ARRENDAMIENTO, OFERTA, CLIENTE) values (4, TO_TIMESTAMP('2014-07-02 06:14:00.742000000', 'YYYY-MM-DD HH24:MI:SS.FF'), TO_TIMESTAMP('2014-08-10 18:14:00.742000000', 'YYYY-MM-DD HH24:MI:SS.FF'), 'DIAS', 5, 36);
insert into RESERVA (ID, INICIO, FIN, PERIODO_ARRENDAMIENTO, OFERTA, CLIENTE) values (5, TO_TIMESTAMP('2014-07-02 06:14:00.742000000', 'YYYY-MM-DD HH24:MI:SS.FF'), TO_TIMESTAMP('2014-08-10 18:14:00.742000000', 'YYYY-MM-DD HH24:MI:SS.FF'), 'SEMESTRES', 19, 32);
insert into RESERVA (ID, INICIO, FIN, PERIODO_ARRENDAMIENTO, OFERTA, CLIENTE) values (6, TO_TIMESTAMP('2014-07-02 06:14:00.742000000', 'YYYY-MM-DD HH24:MI:SS.FF'), TO_TIMESTAMP('2014-08-10 18:14:00.742000000', 'YYYY-MM-DD HH24:MI:SS.FF'), 'DIAS', 4, 23);
insert into RESERVA (ID, INICIO, FIN, PERIODO_ARRENDAMIENTO, OFERTA, CLIENTE) values (7, TO_TIMESTAMP('2014-07-02 06:14:00.742000000', 'YYYY-MM-DD HH24:MI:SS.FF'), TO_TIMESTAMP('2014-08-10 18:14:00.742000000', 'YYYY-MM-DD HH24:MI:SS.FF'), 'DIAS', 34, 13);
insert into RESERVA (ID, INICIO, FIN, PERIODO_ARRENDAMIENTO, OFERTA, CLIENTE) values (8, TO_TIMESTAMP('2014-07-02 06:14:00.742000000', 'YYYY-MM-DD HH24:MI:SS.FF'), TO_TIMESTAMP('2014-08-10 18:14:00.742000000', 'YYYY-MM-DD HH24:MI:SS.FF'), 'DIAS', 30, 27);
insert into RESERVA (ID, INICIO, FIN, PERIODO_ARRENDAMIENTO, OFERTA, CLIENTE) values (9, TO_TIMESTAMP('2014-07-02 06:14:00.742000000', 'YYYY-MM-DD HH24:MI:SS.FF'), TO_TIMESTAMP('2014-08-10 18:14:00.742000000', 'YYYY-MM-DD HH24:MI:SS.FF'), 'MESES', 11, 16);
insert into RESERVA (ID, INICIO, FIN, PERIODO_ARRENDAMIENTO, OFERTA, CLIENTE) values (10, TO_TIMESTAMP('2014-07-02 06:14:00.742000000', 'YYYY-MM-DD HH24:MI:SS.FF'), TO_TIMESTAMP('2014-08-10 18:14:00.742000000', 'YYYY-MM-DD HH24:MI:SS.FF'), 'MESES', 28, 33);
insert into RESERVA (ID, INICIO, FIN, PERIODO_ARRENDAMIENTO, OFERTA, CLIENTE) values (11, TO_TIMESTAMP('2014-07-02 06:14:00.742000000', 'YYYY-MM-DD HH24:MI:SS.FF'), TO_TIMESTAMP('2014-08-10 18:14:00.742000000', 'YYYY-MM-DD HH24:MI:SS.FF'), 'MESES', 13, 1);
insert into RESERVA (ID, INICIO, FIN, PERIODO_ARRENDAMIENTO, OFERTA, CLIENTE) values (12, TO_TIMESTAMP('2014-07-02 06:14:00.742000000', 'YYYY-MM-DD HH24:MI:SS.FF'), TO_TIMESTAMP('2014-08-10 18:14:00.742000000', 'YYYY-MM-DD HH24:MI:SS.FF'), 'SEMESTRES', 2, 34);
insert into RESERVA (ID, INICIO, FIN, PERIODO_ARRENDAMIENTO, OFERTA, CLIENTE) values (13, TO_TIMESTAMP('2014-07-02 06:14:00.742000000', 'YYYY-MM-DD HH24:MI:SS.FF'), TO_TIMESTAMP('2014-08-10 18:14:00.742000000', 'YYYY-MM-DD HH24:MI:SS.FF'), 'DIAS', 21, 2);
insert into RESERVA (ID, INICIO, FIN, PERIODO_ARRENDAMIENTO, OFERTA, CLIENTE) values (14, TO_TIMESTAMP('2014-07-02 06:14:00.742000000', 'YYYY-MM-DD HH24:MI:SS.FF'), TO_TIMESTAMP('2014-08-10 18:14:00.742000000', 'YYYY-MM-DD HH24:MI:SS.FF'), 'SEMESTRES', 19, 18);
insert into RESERVA (ID, INICIO, FIN, PERIODO_ARRENDAMIENTO, OFERTA, CLIENTE) values (15, TO_TIMESTAMP('2014-07-02 06:14:00.742000000', 'YYYY-MM-DD HH24:MI:SS.FF'), TO_TIMESTAMP('2014-08-10 18:14:00.742000000', 'YYYY-MM-DD HH24:MI:SS.FF'), 'DIAS', 8, 29);
insert into RESERVA (ID, INICIO, FIN, PERIODO_ARRENDAMIENTO, OFERTA, CLIENTE) values (16, TO_TIMESTAMP('2014-07-02 06:14:00.742000000', 'YYYY-MM-DD HH24:MI:SS.FF'), TO_TIMESTAMP('2014-08-10 18:14:00.742000000', 'YYYY-MM-DD HH24:MI:SS.FF'), 'SEMESTRES', 9, 39);
insert into RESERVA (ID, INICIO, FIN, PERIODO_ARRENDAMIENTO, OFERTA, CLIENTE) values (17, TO_TIMESTAMP('2014-07-02 06:14:00.742000000', 'YYYY-MM-DD HH24:MI:SS.FF'), TO_TIMESTAMP('2014-08-10 18:14:00.742000000', 'YYYY-MM-DD HH24:MI:SS.FF'), 'MESES', 22, 16);
insert into RESERVA (ID, INICIO, FIN, PERIODO_ARRENDAMIENTO, OFERTA, CLIENTE) values (18, TO_TIMESTAMP('2014-07-02 06:14:00.742000000', 'YYYY-MM-DD HH24:MI:SS.FF'), TO_TIMESTAMP('2014-08-10 18:14:00.742000000', 'YYYY-MM-DD HH24:MI:SS.FF'), 'SEMESTRES', 16, 37);
insert into RESERVA (ID, INICIO, FIN, PERIODO_ARRENDAMIENTO, OFERTA, CLIENTE) values (19, TO_TIMESTAMP('2014-07-02 06:14:00.742000000', 'YYYY-MM-DD HH24:MI:SS.FF'), TO_TIMESTAMP('2014-08-10 18:14:00.742000000', 'YYYY-MM-DD HH24:MI:SS.FF'), 'DIAS', 19, 12);
insert into RESERVA (ID, INICIO, FIN, PERIODO_ARRENDAMIENTO, OFERTA, CLIENTE) values (20, TO_TIMESTAMP('2014-07-02 06:14:00.742000000', 'YYYY-MM-DD HH24:MI:SS.FF'), TO_TIMESTAMP('2014-08-10 18:14:00.742000000', 'YYYY-MM-DD HH24:MI:SS.FF'), 'MESES', 2, 9);
insert into RESERVA (ID, INICIO, FIN, PERIODO_ARRENDAMIENTO, OFERTA, CLIENTE) values (21, TO_TIMESTAMP('2014-07-02 06:14:00.742000000', 'YYYY-MM-DD HH24:MI:SS.FF'), TO_TIMESTAMP('2014-08-10 18:14:00.742000000', 'YYYY-MM-DD HH24:MI:SS.FF'), 'SEMESTRES', 13, 10);
insert into RESERVA (ID, INICIO, FIN, PERIODO_ARRENDAMIENTO, OFERTA, CLIENTE) values (22, TO_TIMESTAMP('2014-07-02 06:14:00.742000000', 'YYYY-MM-DD HH24:MI:SS.FF'), TO_TIMESTAMP('2014-08-10 18:14:00.742000000', 'YYYY-MM-DD HH24:MI:SS.FF'), 'SEMESTRES', 26, 28);
insert into RESERVA (ID, INICIO, FIN, PERIODO_ARRENDAMIENTO, OFERTA, CLIENTE) values (23, TO_TIMESTAMP('2014-07-02 06:14:00.742000000', 'YYYY-MM-DD HH24:MI:SS.FF'), TO_TIMESTAMP('2014-08-10 18:14:00.742000000', 'YYYY-MM-DD HH24:MI:SS.FF'), 'MESES', 37, 27);
insert into RESERVA (ID, INICIO, FIN, PERIODO_ARRENDAMIENTO, OFERTA, CLIENTE) values (24, TO_TIMESTAMP('2014-07-02 06:14:00.742000000', 'YYYY-MM-DD HH24:MI:SS.FF'), TO_TIMESTAMP('2014-08-10 18:14:00.742000000', 'YYYY-MM-DD HH24:MI:SS.FF'), 'MESES', 30, 3);
insert into RESERVA (ID, INICIO, FIN, PERIODO_ARRENDAMIENTO, OFERTA, CLIENTE) values (25, TO_TIMESTAMP('2014-07-02 06:14:00.742000000', 'YYYY-MM-DD HH24:MI:SS.FF'), TO_TIMESTAMP('2014-08-10 18:14:00.742000000', 'YYYY-MM-DD HH24:MI:SS.FF'), 'DIAS', 34, 25);
insert into RESERVA (ID, INICIO, FIN, PERIODO_ARRENDAMIENTO, OFERTA, CLIENTE) values (26, TO_TIMESTAMP('2014-07-02 06:14:00.742000000', 'YYYY-MM-DD HH24:MI:SS.FF'), TO_TIMESTAMP('2014-08-10 18:14:00.742000000', 'YYYY-MM-DD HH24:MI:SS.FF'), 'SEMESTRES', 40, 19);
insert into RESERVA (ID, INICIO, FIN, PERIODO_ARRENDAMIENTO, OFERTA, CLIENTE) values (27, TO_TIMESTAMP('2014-07-02 06:14:00.742000000', 'YYYY-MM-DD HH24:MI:SS.FF'), TO_TIMESTAMP('2014-08-10 18:14:00.742000000', 'YYYY-MM-DD HH24:MI:SS.FF'), 'SEMESTRES', 26, 18);
insert into RESERVA (ID, INICIO, FIN, PERIODO_ARRENDAMIENTO, OFERTA, CLIENTE) values (28, TO_TIMESTAMP('2014-07-02 06:14:00.742000000', 'YYYY-MM-DD HH24:MI:SS.FF'), TO_TIMESTAMP('2014-08-10 18:14:00.742000000', 'YYYY-MM-DD HH24:MI:SS.FF'), 'DIAS', 36, 10);
insert into RESERVA (ID, INICIO, FIN, PERIODO_ARRENDAMIENTO, OFERTA, CLIENTE) values (29, TO_TIMESTAMP('2014-07-02 06:14:00.742000000', 'YYYY-MM-DD HH24:MI:SS.FF'), TO_TIMESTAMP('2014-08-10 18:14:00.742000000', 'YYYY-MM-DD HH24:MI:SS.FF'), 'DIAS', 3, 5);
insert into RESERVA (ID, INICIO, FIN, PERIODO_ARRENDAMIENTO, OFERTA, CLIENTE) values (30, TO_TIMESTAMP('2014-07-02 06:14:00.742000000', 'YYYY-MM-DD HH24:MI:SS.FF'), TO_TIMESTAMP('2014-08-10 18:14:00.742000000', 'YYYY-MM-DD HH24:MI:SS.FF'), 'SEMESTRES', 18, 13);
insert into RESERVA (ID, INICIO, FIN, PERIODO_ARRENDAMIENTO, OFERTA, CLIENTE) values (31, TO_TIMESTAMP('2014-07-02 06:14:00.742000000', 'YYYY-MM-DD HH24:MI:SS.FF'), TO_TIMESTAMP('2014-08-10 18:14:00.742000000', 'YYYY-MM-DD HH24:MI:SS.FF'), 'SEMESTRES', 9, 34);
insert into RESERVA (ID, INICIO, FIN, PERIODO_ARRENDAMIENTO, OFERTA, CLIENTE) values (32, TO_TIMESTAMP('2014-07-02 06:14:00.742000000', 'YYYY-MM-DD HH24:MI:SS.FF'), TO_TIMESTAMP('2014-08-10 18:14:00.742000000', 'YYYY-MM-DD HH24:MI:SS.FF'), 'DIAS', 28, 12);
insert into RESERVA (ID, INICIO, FIN, PERIODO_ARRENDAMIENTO, OFERTA, CLIENTE) values (33, TO_TIMESTAMP('2014-07-02 06:14:00.742000000', 'YYYY-MM-DD HH24:MI:SS.FF'), TO_TIMESTAMP('2014-08-10 18:14:00.742000000', 'YYYY-MM-DD HH24:MI:SS.FF'), 'SEMESTRES', 13, 5);
insert into RESERVA (ID, INICIO, FIN, PERIODO_ARRENDAMIENTO, OFERTA, CLIENTE) values (34, TO_TIMESTAMP('2014-07-02 06:14:00.742000000', 'YYYY-MM-DD HH24:MI:SS.FF'), TO_TIMESTAMP('2014-08-10 18:14:00.742000000', 'YYYY-MM-DD HH24:MI:SS.FF'), 'DIAS', 24, 39);
insert into RESERVA (ID, INICIO, FIN, PERIODO_ARRENDAMIENTO, OFERTA, CLIENTE) values (35, TO_TIMESTAMP('2014-07-02 06:14:00.742000000', 'YYYY-MM-DD HH24:MI:SS.FF'), TO_TIMESTAMP('2014-08-10 18:14:00.742000000', 'YYYY-MM-DD HH24:MI:SS.FF'), 'MESES', 14, 32);
insert into RESERVA (ID, INICIO, FIN, PERIODO_ARRENDAMIENTO, OFERTA, CLIENTE) values (36, TO_TIMESTAMP('2014-07-02 06:14:00.742000000', 'YYYY-MM-DD HH24:MI:SS.FF'), TO_TIMESTAMP('2014-08-10 18:14:00.742000000', 'YYYY-MM-DD HH24:MI:SS.FF'), 'SEMESTRES', 1, 15);
insert into RESERVA (ID, INICIO, FIN, PERIODO_ARRENDAMIENTO, OFERTA, CLIENTE) values (37, TO_TIMESTAMP('2014-07-02 06:14:00.742000000', 'YYYY-MM-DD HH24:MI:SS.FF'), TO_TIMESTAMP('2014-08-10 18:14:00.742000000', 'YYYY-MM-DD HH24:MI:SS.FF'), 'DIAS', 32, 6);
insert into RESERVA (ID, INICIO, FIN, PERIODO_ARRENDAMIENTO, OFERTA, CLIENTE) values (38, TO_TIMESTAMP('2014-07-02 06:14:00.742000000', 'YYYY-MM-DD HH24:MI:SS.FF'), TO_TIMESTAMP('2014-08-10 18:14:00.742000000', 'YYYY-MM-DD HH24:MI:SS.FF'), 'DIAS', 7, 26);
insert into RESERVA (ID, INICIO, FIN, PERIODO_ARRENDAMIENTO, OFERTA, CLIENTE) values (39, TO_TIMESTAMP('2014-07-02 06:14:00.742000000', 'YYYY-MM-DD HH24:MI:SS.FF'), TO_TIMESTAMP('2014-08-10 18:14:00.742000000', 'YYYY-MM-DD HH24:MI:SS.FF'), 'DIAS', 27, 29);
insert into RESERVA (ID, INICIO, FIN, PERIODO_ARRENDAMIENTO, OFERTA, CLIENTE) values (40, TO_TIMESTAMP('2014-07-02 06:14:00.742000000', 'YYYY-MM-DD HH24:MI:SS.FF'), TO_TIMESTAMP('2014-08-10 18:14:00.742000000', 'YYYY-MM-DD HH24:MI:SS.FF'), 'DIAS', 16, 12);
insert into RESERVA (ID, INICIO, FIN, PERIODO_ARRENDAMIENTO, OFERTA, CLIENTE) values (41, TO_TIMESTAMP('2014-07-02 06:14:00.742000000', 'YYYY-MM-DD HH24:MI:SS.FF'), TO_TIMESTAMP('2014-08-10 18:14:00.742000000', 'YYYY-MM-DD HH24:MI:SS.FF'), 'DIAS', 3, 27);
insert into RESERVA (ID, INICIO, FIN, PERIODO_ARRENDAMIENTO, OFERTA, CLIENTE) values (42, TO_TIMESTAMP('2014-07-02 06:14:00.742000000', 'YYYY-MM-DD HH24:MI:SS.FF'), TO_TIMESTAMP('2014-08-10 18:14:00.742000000', 'YYYY-MM-DD HH24:MI:SS.FF'), 'DIAS', 3, 10);
insert into RESERVA (ID, INICIO, FIN, PERIODO_ARRENDAMIENTO, OFERTA, CLIENTE) values (43, TO_TIMESTAMP('2014-07-02 06:14:00.742000000', 'YYYY-MM-DD HH24:MI:SS.FF'), TO_TIMESTAMP('2014-08-10 18:14:00.742000000', 'YYYY-MM-DD HH24:MI:SS.FF'), 'MESES', 7, 4);
insert into RESERVA (ID, INICIO, FIN, PERIODO_ARRENDAMIENTO, OFERTA, CLIENTE) values (44, TO_TIMESTAMP('2014-07-02 06:14:00.742000000', 'YYYY-MM-DD HH24:MI:SS.FF'), TO_TIMESTAMP('2014-08-10 18:14:00.742000000', 'YYYY-MM-DD HH24:MI:SS.FF'), 'DIAS', 28, 30);
insert into RESERVA (ID, INICIO, FIN, PERIODO_ARRENDAMIENTO, OFERTA, CLIENTE) values (45, TO_TIMESTAMP('2014-07-02 06:14:00.742000000', 'YYYY-MM-DD HH24:MI:SS.FF'), TO_TIMESTAMP('2014-08-10 18:14:00.742000000', 'YYYY-MM-DD HH24:MI:SS.FF'), 'SEMESTRES', 22, 3);
insert into RESERVA (ID, INICIO, FIN, PERIODO_ARRENDAMIENTO, OFERTA, CLIENTE) values (46, TO_TIMESTAMP('2014-07-02 06:14:00.742000000', 'YYYY-MM-DD HH24:MI:SS.FF'), TO_TIMESTAMP('2014-08-10 18:14:00.742000000', 'YYYY-MM-DD HH24:MI:SS.FF'), 'SEMESTRES', 6, 15);
insert into RESERVA (ID, INICIO, FIN, PERIODO_ARRENDAMIENTO, OFERTA, CLIENTE) values (47, TO_TIMESTAMP('2014-07-02 06:14:00.742000000', 'YYYY-MM-DD HH24:MI:SS.FF'), TO_TIMESTAMP('2014-08-10 18:14:00.742000000', 'YYYY-MM-DD HH24:MI:SS.FF'), 'MESES', 14, 31);
insert into RESERVA (ID, INICIO, FIN, PERIODO_ARRENDAMIENTO, OFERTA, CLIENTE) values (48, TO_TIMESTAMP('2014-07-02 06:14:00.742000000', 'YYYY-MM-DD HH24:MI:SS.FF'), TO_TIMESTAMP('2014-08-10 18:14:00.742000000', 'YYYY-MM-DD HH24:MI:SS.FF'), 'SEMESTRES', 2, 36);
insert into RESERVA (ID, INICIO, FIN, PERIODO_ARRENDAMIENTO, OFERTA, CLIENTE) values (49, TO_TIMESTAMP('2014-07-02 06:14:00.742000000', 'YYYY-MM-DD HH24:MI:SS.FF'), TO_TIMESTAMP('2014-08-10 18:14:00.742000000', 'YYYY-MM-DD HH24:MI:SS.FF'), 'SEMESTRES', 23, 17);
insert into RESERVA (ID, INICIO, FIN, PERIODO_ARRENDAMIENTO, OFERTA, CLIENTE) values (50, TO_TIMESTAMP('2014-07-02 06:14:00.742000000', 'YYYY-MM-DD HH24:MI:SS.FF'), TO_TIMESTAMP('2014-08-10 18:14:00.742000000', 'YYYY-MM-DD HH24:MI:SS.FF'), 'SEMESTRES', 17, 22);
insert into RESERVA (ID, INICIO, FIN, PERIODO_ARRENDAMIENTO, OFERTA, CLIENTE) values (51, TO_TIMESTAMP('2014-07-02 06:14:00.742000000', 'YYYY-MM-DD HH24:MI:SS.FF'), TO_TIMESTAMP('2014-08-10 18:14:00.742000000', 'YYYY-MM-DD HH24:MI:SS.FF'), 'DIAS', 25, 6);
insert into RESERVA (ID, INICIO, FIN, PERIODO_ARRENDAMIENTO, OFERTA, CLIENTE) values (52, TO_TIMESTAMP('2014-07-02 06:14:00.742000000', 'YYYY-MM-DD HH24:MI:SS.FF'), TO_TIMESTAMP('2014-08-10 18:14:00.742000000', 'YYYY-MM-DD HH24:MI:SS.FF'), 'MESES', 15, 16);
insert into RESERVA (ID, INICIO, FIN, PERIODO_ARRENDAMIENTO, OFERTA, CLIENTE) values (53, TO_TIMESTAMP('2014-07-02 06:14:00.742000000', 'YYYY-MM-DD HH24:MI:SS.FF'), TO_TIMESTAMP('2014-08-10 18:14:00.742000000', 'YYYY-MM-DD HH24:MI:SS.FF'), 'SEMESTRES', 34, 8);
insert into RESERVA (ID, INICIO, FIN, PERIODO_ARRENDAMIENTO, OFERTA, CLIENTE) values (54, TO_TIMESTAMP('2014-07-02 06:14:00.742000000', 'YYYY-MM-DD HH24:MI:SS.FF'), TO_TIMESTAMP('2014-08-10 18:14:00.742000000', 'YYYY-MM-DD HH24:MI:SS.FF'), 'SEMESTRES', 24, 30);
insert into RESERVA (ID, INICIO, FIN, PERIODO_ARRENDAMIENTO, OFERTA, CLIENTE) values (55, TO_TIMESTAMP('2014-07-02 06:14:00.742000000', 'YYYY-MM-DD HH24:MI:SS.FF'), TO_TIMESTAMP('2014-08-10 18:14:00.742000000', 'YYYY-MM-DD HH24:MI:SS.FF'), 'SEMESTRES', 9, 6);
insert into RESERVA (ID, INICIO, FIN, PERIODO_ARRENDAMIENTO, OFERTA, CLIENTE) values (56, TO_TIMESTAMP('2014-07-02 06:14:00.742000000', 'YYYY-MM-DD HH24:MI:SS.FF'), TO_TIMESTAMP('2014-08-10 18:14:00.742000000', 'YYYY-MM-DD HH24:MI:SS.FF'), 'SEMESTRES', 7, 19);
insert into RESERVA (ID, INICIO, FIN, PERIODO_ARRENDAMIENTO, OFERTA, CLIENTE) values (57, TO_TIMESTAMP('2014-07-02 06:14:00.742000000', 'YYYY-MM-DD HH24:MI:SS.FF'), TO_TIMESTAMP('2014-08-10 18:14:00.742000000', 'YYYY-MM-DD HH24:MI:SS.FF'), 'SEMESTRES', 6, 18);
insert into RESERVA (ID, INICIO, FIN, PERIODO_ARRENDAMIENTO, OFERTA, CLIENTE) values (58, TO_TIMESTAMP('2014-07-02 06:14:00.742000000', 'YYYY-MM-DD HH24:MI:SS.FF'), TO_TIMESTAMP('2014-08-10 18:14:00.742000000', 'YYYY-MM-DD HH24:MI:SS.FF'), 'SEMESTRES', 30, 6);
insert into RESERVA (ID, INICIO, FIN, PERIODO_ARRENDAMIENTO, OFERTA, CLIENTE) values (59, TO_TIMESTAMP('2014-07-02 06:14:00.742000000', 'YYYY-MM-DD HH24:MI:SS.FF'), TO_TIMESTAMP('2014-08-10 18:14:00.742000000', 'YYYY-MM-DD HH24:MI:SS.FF'), 'SEMESTRES', 26, 34);
insert into RESERVA (ID, INICIO, FIN, PERIODO_ARRENDAMIENTO, OFERTA, CLIENTE) values (60, TO_TIMESTAMP('2014-07-02 06:14:00.742000000', 'YYYY-MM-DD HH24:MI:SS.FF'), TO_TIMESTAMP('2014-08-10 18:14:00.742000000', 'YYYY-MM-DD HH24:MI:SS.FF'), 'SEMESTRES', 7, 24);
insert into RESERVA (ID, INICIO, FIN, PERIODO_ARRENDAMIENTO, OFERTA, CLIENTE) values (61, TO_TIMESTAMP('2014-07-02 06:14:00.742000000', 'YYYY-MM-DD HH24:MI:SS.FF'), TO_TIMESTAMP('2014-08-10 18:14:00.742000000', 'YYYY-MM-DD HH24:MI:SS.FF'), 'SEMESTRES', 18, 22);
insert into RESERVA (ID, INICIO, FIN, PERIODO_ARRENDAMIENTO, OFERTA, CLIENTE) values (62, TO_TIMESTAMP('2014-07-02 06:14:00.742000000', 'YYYY-MM-DD HH24:MI:SS.FF'), TO_TIMESTAMP('2014-08-10 18:14:00.742000000', 'YYYY-MM-DD HH24:MI:SS.FF'), 'SEMESTRES', 5, 22);
insert into RESERVA (ID, INICIO, FIN, PERIODO_ARRENDAMIENTO, OFERTA, CLIENTE) values (63, TO_TIMESTAMP('2014-07-02 06:14:00.742000000', 'YYYY-MM-DD HH24:MI:SS.FF'), TO_TIMESTAMP('2014-08-10 18:14:00.742000000', 'YYYY-MM-DD HH24:MI:SS.FF'), 'SEMESTRES', 26, 23);
insert into RESERVA (ID, INICIO, FIN, PERIODO_ARRENDAMIENTO, OFERTA, CLIENTE) values (64, TO_TIMESTAMP('2014-07-02 06:14:00.742000000', 'YYYY-MM-DD HH24:MI:SS.FF'), TO_TIMESTAMP('2014-08-10 18:14:00.742000000', 'YYYY-MM-DD HH24:MI:SS.FF'), 'MESES', 28, 19);
insert into RESERVA (ID, INICIO, FIN, PERIODO_ARRENDAMIENTO, OFERTA, CLIENTE) values (65, TO_TIMESTAMP('2014-07-02 06:14:00.742000000', 'YYYY-MM-DD HH24:MI:SS.FF'), TO_TIMESTAMP('2014-08-10 18:14:00.742000000', 'YYYY-MM-DD HH24:MI:SS.FF'), 'SEMESTRES', 33, 24);
insert into RESERVA (ID, INICIO, FIN, PERIODO_ARRENDAMIENTO, OFERTA, CLIENTE) values (66, TO_TIMESTAMP('2014-07-02 06:14:00.742000000', 'YYYY-MM-DD HH24:MI:SS.FF'), TO_TIMESTAMP('2014-08-10 18:14:00.742000000', 'YYYY-MM-DD HH24:MI:SS.FF'), 'SEMESTRES', 32, 11);
insert into RESERVA (ID, INICIO, FIN, PERIODO_ARRENDAMIENTO, OFERTA, CLIENTE) values (67, TO_TIMESTAMP('2014-07-02 06:14:00.742000000', 'YYYY-MM-DD HH24:MI:SS.FF'), TO_TIMESTAMP('2014-08-10 18:14:00.742000000', 'YYYY-MM-DD HH24:MI:SS.FF'), 'SEMESTRES', 19, 5);
insert into RESERVA (ID, INICIO, FIN, PERIODO_ARRENDAMIENTO, OFERTA, CLIENTE) values (68, TO_TIMESTAMP('2014-07-02 06:14:00.742000000', 'YYYY-MM-DD HH24:MI:SS.FF'), TO_TIMESTAMP('2014-08-10 18:14:00.742000000', 'YYYY-MM-DD HH24:MI:SS.FF'), 'DIAS', 13, 8);
insert into RESERVA (ID, INICIO, FIN, PERIODO_ARRENDAMIENTO, OFERTA, CLIENTE) values (69, TO_TIMESTAMP('2014-07-02 06:14:00.742000000', 'YYYY-MM-DD HH24:MI:SS.FF'), TO_TIMESTAMP('2014-08-10 18:14:00.742000000', 'YYYY-MM-DD HH24:MI:SS.FF'), 'SEMESTRES', 7, 26);
insert into RESERVA (ID, INICIO, FIN, PERIODO_ARRENDAMIENTO, OFERTA, CLIENTE) values (70, TO_TIMESTAMP('2014-07-02 06:14:00.742000000', 'YYYY-MM-DD HH24:MI:SS.FF'), TO_TIMESTAMP('2014-08-10 18:14:00.742000000', 'YYYY-MM-DD HH24:MI:SS.FF'), 'MESES', 18, 3);
insert into RESERVA (ID, INICIO, FIN, PERIODO_ARRENDAMIENTO, OFERTA, CLIENTE) values (71, TO_TIMESTAMP('2014-07-02 06:14:00.742000000', 'YYYY-MM-DD HH24:MI:SS.FF'), TO_TIMESTAMP('2014-08-10 18:14:00.742000000', 'YYYY-MM-DD HH24:MI:SS.FF'), 'MESES', 15, 26);
insert into RESERVA (ID, INICIO, FIN, PERIODO_ARRENDAMIENTO, OFERTA, CLIENTE) values (72, TO_TIMESTAMP('2014-07-02 06:14:00.742000000', 'YYYY-MM-DD HH24:MI:SS.FF'), TO_TIMESTAMP('2014-08-10 18:14:00.742000000', 'YYYY-MM-DD HH24:MI:SS.FF'), 'MESES', 10, 30);
insert into RESERVA (ID, INICIO, FIN, PERIODO_ARRENDAMIENTO, OFERTA, CLIENTE) values (73, TO_TIMESTAMP('2014-07-02 06:14:00.742000000', 'YYYY-MM-DD HH24:MI:SS.FF'), TO_TIMESTAMP('2014-08-10 18:14:00.742000000', 'YYYY-MM-DD HH24:MI:SS.FF'), 'SEMESTRES', 34, 40);
insert into RESERVA (ID, INICIO, FIN, PERIODO_ARRENDAMIENTO, OFERTA, CLIENTE) values (74, TO_TIMESTAMP('2014-07-02 06:14:00.742000000', 'YYYY-MM-DD HH24:MI:SS.FF'), TO_TIMESTAMP('2014-08-10 18:14:00.742000000', 'YYYY-MM-DD HH24:MI:SS.FF'), 'MESES', 32, 14);
insert into RESERVA (ID, INICIO, FIN, PERIODO_ARRENDAMIENTO, OFERTA, CLIENTE) values (75, TO_TIMESTAMP('2014-07-02 06:14:00.742000000', 'YYYY-MM-DD HH24:MI:SS.FF'), TO_TIMESTAMP('2014-08-10 18:14:00.742000000', 'YYYY-MM-DD HH24:MI:SS.FF'), 'SEMESTRES', 13, 19);
insert into RESERVA (ID, INICIO, FIN, PERIODO_ARRENDAMIENTO, OFERTA, CLIENTE) values (76, TO_TIMESTAMP('2014-07-02 06:14:00.742000000', 'YYYY-MM-DD HH24:MI:SS.FF'), TO_TIMESTAMP('2014-08-10 18:14:00.742000000', 'YYYY-MM-DD HH24:MI:SS.FF'), 'SEMESTRES', 35, 10);
insert into RESERVA (ID, INICIO, FIN, PERIODO_ARRENDAMIENTO, OFERTA, CLIENTE) values (77, TO_TIMESTAMP('2014-07-02 06:14:00.742000000', 'YYYY-MM-DD HH24:MI:SS.FF'), TO_TIMESTAMP('2014-08-10 18:14:00.742000000', 'YYYY-MM-DD HH24:MI:SS.FF'), 'DIAS', 19, 40);
insert into RESERVA (ID, INICIO, FIN, PERIODO_ARRENDAMIENTO, OFERTA, CLIENTE) values (78, TO_TIMESTAMP('2014-07-02 06:14:00.742000000', 'YYYY-MM-DD HH24:MI:SS.FF'), TO_TIMESTAMP('2014-08-10 18:14:00.742000000', 'YYYY-MM-DD HH24:MI:SS.FF'), 'DIAS', 7, 17);
insert into RESERVA (ID, INICIO, FIN, PERIODO_ARRENDAMIENTO, OFERTA, CLIENTE) values (79, TO_TIMESTAMP('2014-07-02 06:14:00.742000000', 'YYYY-MM-DD HH24:MI:SS.FF'), TO_TIMESTAMP('2014-08-10 18:14:00.742000000', 'YYYY-MM-DD HH24:MI:SS.FF'), 'SEMESTRES', 29, 23);
insert into RESERVA (ID, INICIO, FIN, PERIODO_ARRENDAMIENTO, OFERTA, CLIENTE) values (80, TO_TIMESTAMP('2014-07-02 06:14:00.742000000', 'YYYY-MM-DD HH24:MI:SS.FF'), TO_TIMESTAMP('2014-08-10 18:14:00.742000000', 'YYYY-MM-DD HH24:MI:SS.FF'), 'SEMESTRES', 37, 40);
